{
"type": "FeatureCollection",
"name": "seoul_dong_diversity",
"crs": { "type": "name", "properties": { "name": "urn:ogc:def:crs:OGC:1.3:CRS84" } },
"features": [
{ "type": "Feature", "properties": { "adm_cd2": "1111053000", "adm_nm": "서울특별시 종로구 사직동", "sggnm": "종로구", "shannon_mean": 0.26968710158139769, "n_bldg_sum": 760, "n_grid": 68 }, "geometry": { "type": "Polygon", "coordinates": [ [ [ 126.976888842748167, 37.575650779448786 ], [ 126.977034498877501, 37.569194530054553 ], [ 126.969048370018541, 37.568194417708334 ], [ 126.965728529225771, 37.570183936115114 ], [ 126.96601094018429, 37.571548395577466 ], [ 126.962840990511978, 37.57666158609274 ], [ 126.962810410472628, 37.579448809656775 ], [ 126.967424315843317, 37.579601537124489 ], [ 126.968955116954774, 37.577935262340283 ], [ 126.969904573616262, 37.579301753628734 ], [ 126.973819257844539, 37.579372140302631 ], [ 126.974331538357575, 37.575749906299862 ], [ 126.976888842748167, 37.575650779448786 ] ] ] } },
{ "type": "Feature", "properties": { "adm_cd2": "1111054000", "adm_nm": "서울특별시 종로구 삼청동", "sggnm": "종로구", "shannon_mean": 0.093159747073568319, "n_bldg_sum": 450, "n_grid": 41 }, "geometry": { "type": "Polygon", "coordinates": [ [ [ 126.98268938649305, 37.595065519422398 ], [ 126.985759277179199, 37.592794011604347 ], [ 126.989475792086679, 37.5917950211998 ], [ 126.986210027969463, 37.589015966651431 ], [ 126.985337100030677, 37.586145890121195 ], [ 126.982918386510292, 37.583458326946833 ], [ 126.984034695368365, 37.578433706719778 ], [ 126.98553316382565, 37.576674025462005 ], [ 126.983146652391852, 37.575526362928613 ], [ 126.979592489109393, 37.57597727455633 ], [ 126.980303701624806, 37.580986173619728 ], [ 126.979417938903708, 37.585900230324711 ], [ 126.978973668856298, 37.587178178288674 ], [ 126.975693343513328, 37.589684034240094 ], [ 126.973587263553426, 37.593289023280704 ], [ 126.975851137756862, 37.596564222244091 ], [ 126.98268938649305, 37.595065519422398 ] ] ] } },
{ "type": "Feature", "properties": { "adm_cd2": "1111055000", "adm_nm": "서울특별시 종로구 부암동", "sggnm": "종로구", "shannon_mean": 0.39381263220619306, "n_bldg_sum": 1157, "n_grid": 140 }, "geometry": { "type": "Polygon", "coordinates": [ [ [ 126.975851137756862, 37.596564222244091 ], [ 126.973587263553426, 37.593289023280704 ], [ 126.971937526494074, 37.593885782225897 ], [ 126.966433749475101, 37.592932440729243 ], [ 126.96457451385055, 37.590972619268321 ], [ 126.963173883022861, 37.587863381171267 ], [ 126.958865149453985, 37.585957645050044 ], [ 126.957804671329043, 37.584988341358191 ], [ 126.957895324618931, 37.583811410465415 ], [ 126.956894000654685, 37.585420104684566 ], [ 126.957929061313536, 37.58879364348914 ], [ 126.957514600188262, 37.592672080333635 ], [ 126.956329141603035, 37.595149822476088 ], [ 126.957135378943633, 37.598387095876419 ], [ 126.954093263161255, 37.598551078811226 ], [ 126.952749308815697, 37.600406123595477 ], [ 126.953376321249763, 37.605366284050788 ], [ 126.958249230303466, 37.603542250992902 ], [ 126.961534787487153, 37.607058994444571 ], [ 126.966160303295325, 37.600884418442369 ], [ 126.973295489353873, 37.598820775254246 ], [ 126.974186893400912, 37.597609013814214 ], [ 126.973675150893342, 37.59710436897587 ], [ 126.975851137756862, 37.596564222244091 ] ] ] } },
{ "type": "Feature", "properties": { "adm_cd2": "1111056000", "adm_nm": "서울특별시 종로구 평창동", "sggnm": "종로구", "shannon_mean": 0.34544152847043991, "n_bldg_sum": 1763, "n_grid": 252 }, "geometry": { "type": "Polygon", "coordinates": [ [ [ 126.975074667880861, 37.631386286512992 ], [ 126.97648554431467, 37.630088997334461 ], [ 126.976672061335123, 37.628844852765404 ], [ 126.98050819494199, 37.629054464968306 ], [ 126.979666457204289, 37.627974785251027 ], [ 126.979208688558828, 37.624571211532476 ], [ 126.981373613794588, 37.621733775227163 ], [ 126.982805874650765, 37.616693689158097 ], [ 126.986697032730532, 37.614683792837319 ], [ 126.98706809277698, 37.613551971371933 ], [ 126.985900603669165, 37.607136114327638 ], [ 126.98774119171668, 37.601215535765455 ], [ 126.984908526539613, 37.599438829947097 ], [ 126.981566564480005, 37.599143655277672 ], [ 126.981566847345007, 37.59716526193013 ], [ 126.98268938649305, 37.595065519422398 ], [ 126.974005510874818, 37.596943600178797 ], [ 126.973295489353873, 37.598820775254246 ], [ 126.967145864119942, 37.600292860429086 ], [ 126.963255484023165, 37.604002275910716 ], [ 126.961534787487153, 37.607058994444571 ], [ 126.958249230303466, 37.603542250992902 ], [ 126.954010054553052, 37.604801490634607 ], [ 126.950736878576706, 37.608320203595696 ], [ 126.950377046314628, 37.6078785962168 ], [ 126.94998323286886, 37.609705232797928 ], [ 126.950936677827556, 37.61235961031376 ], [ 126.950331642608688, 37.618361960313514 ], [ 126.952171601725453, 37.62482296632809 ], [ 126.956752961350688, 37.62536579675912 ], [ 126.95954222807589, 37.628482583830341 ], [ 126.969251985820989, 37.630223413318362 ], [ 126.971785907806378, 37.632285339038738 ], [ 126.975074667880861, 37.631386286512992 ] ] ] } },
{ "type": "Feature", "properties": { "adm_cd2": "1111057000", "adm_nm": "서울특별시 종로구 무악동", "sggnm": "종로구", "shannon_mean": 0.4148241417444346, "n_bldg_sum": 216, "n_grid": 24 }, "geometry": { "type": "Polygon", "coordinates": [ [ [ 126.960673532738952, 37.580797842029732 ], [ 126.962810410472628, 37.579448809656775 ], [ 126.962840990511978, 37.57666158609274 ], [ 126.960691729330804, 37.573220055621491 ], [ 126.959570737810694, 37.572961218450786 ], [ 126.953556016669452, 37.578875665809477 ], [ 126.955455144570337, 37.578970069604239 ], [ 126.955794839929382, 37.580729256827432 ], [ 126.957001888470259, 37.581583205322538 ], [ 126.960673532738952, 37.580797842029732 ] ] ] } },
{ "type": "Feature", "properties": { "adm_cd2": "1111058000", "adm_nm": "서울특별시 종로구 교남동", "sggnm": "종로구", "shannon_mean": 0.4216504594384668, "n_bldg_sum": 911, "n_grid": 29 }, "geometry": { "type": "Polygon", "coordinates": [ [ [ 126.969048370018541, 37.568194417708334 ], [ 126.966773538263666, 37.565794364030033 ], [ 126.959570737810694, 37.572961218450786 ], [ 126.960691729330804, 37.573220055621491 ], [ 126.962840990511978, 37.57666158609274 ], [ 126.96601094018429, 37.571548395577466 ], [ 126.965728529225771, 37.570183936115114 ], [ 126.969048370018541, 37.568194417708334 ] ] ] } },
{ "type": "Feature", "properties": { "adm_cd2": "1111060000", "adm_nm": "서울특별시 종로구 가회동", "sggnm": "종로구", "shannon_mean": 0.24451608865019883, "n_bldg_sum": 742, "n_grid": 43 }, "geometry": { "type": "Polygon", "coordinates": [ [ [ 126.989135903089448, 37.591306686318617 ], [ 126.988030855073717, 37.585547457778631 ], [ 126.988859096489463, 37.585495326154245 ], [ 126.989772357801385, 37.582320911004366 ], [ 126.989300236279121, 37.577387383562929 ], [ 126.98553316382565, 37.576674025462005 ], [ 126.984034695368365, 37.578433706719778 ], [ 126.982849315927382, 37.583227993147531 ], [ 126.985337100030677, 37.586145890121195 ], [ 126.986210027969463, 37.589015966651431 ], [ 126.989135903089448, 37.591306686318617 ] ] ] } },
{ "type": "Feature", "properties": { "adm_cd2": "1111061500", "adm_nm": "서울특별시 종로구 종로1·2·3·4가동", "sggnm": "종로구", "shannon_mean": 0.071769391162807075, "n_bldg_sum": 598, "n_grid": 111 }, "geometry": { "type": "Polygon", "coordinates": [ [ [ 126.996499784519315, 37.581022567729889 ], [ 126.997183472684796, 37.576932245353113 ], [ 126.999677652781529, 37.575897283278564 ], [ 126.998056129126411, 37.57378124935039 ], [ 127.001622249159226, 37.569591574482189 ], [ 126.988898316163102, 37.568108538656809 ], [ 126.977034498877501, 37.569194530054553 ], [ 126.976888842748167, 37.575650779448786 ], [ 126.983146652391852, 37.575526362928613 ], [ 126.989300236279121, 37.577387383562929 ], [ 126.989772357801385, 37.582320911004366 ], [ 126.988859096489463, 37.585495326154245 ], [ 126.988030855073717, 37.585547457778631 ], [ 126.988308367607232, 37.587469119033116 ], [ 126.993289283461209, 37.586929537014079 ], [ 126.99602795514383, 37.583287437105426 ], [ 126.996499784519315, 37.581022567729889 ] ] ] } },
{ "type": "Feature", "properties": { "adm_cd2": "1111063000", "adm_nm": "서울특별시 종로구 종로5·6가동", "sggnm": "종로구", "shannon_mean": 0.08126462119523456, "n_bldg_sum": 652, "n_grid": 52 }, "geometry": { "type": "Polygon", "coordinates": [ [ [ 127.010160448395624, 37.571568101570833 ], [ 127.009585232169215, 37.569783784930834 ], [ 127.001622249159226, 37.569591574482189 ], [ 126.997969240043147, 37.5742992117246 ], [ 126.999379351934891, 37.575838556889337 ], [ 127.00861398800204, 37.576708814320881 ], [ 127.008836131714446, 37.572739342823709 ], [ 127.010160448395624, 37.571568101570833 ] ] ] } },
{ "type": "Feature", "properties": { "adm_cd2": "1111064000", "adm_nm": "서울특별시 종로구 이화동", "sggnm": "종로구", "shannon_mean": 0.42658427903019441, "n_bldg_sum": 901, "n_grid": 46 }, "geometry": { "type": "Polygon", "coordinates": [ [ [ 127.007332539631321, 37.583203339216226 ], [ 127.008841317839227, 37.580452638734883 ], [ 127.00861398800204, 37.576708814320881 ], [ 126.999677652781529, 37.575897283278564 ], [ 126.997183472684796, 37.576932245353113 ], [ 126.996499784519315, 37.581022567729889 ], [ 127.001804621914033, 37.582530312837925 ], [ 127.002720829472054, 37.58372368050577 ], [ 127.005804595261452, 37.584756278282704 ], [ 127.007332539631321, 37.583203339216226 ] ] ] } },
{ "type": "Feature", "properties": { "adm_cd2": "1111067000", "adm_nm": "서울특별시 종로구 창신1동", "sggnm": "종로구", "shannon_mean": 0.19928298224693794, "n_bldg_sum": 456, "n_grid": 29 }, "geometry": { "type": "Polygon", "coordinates": [ [ [ 127.015726040800317, 37.572983762654744 ], [ 127.018818536518452, 37.570984519777085 ], [ 127.016005640566959, 37.569823801002947 ], [ 127.009585232169215, 37.569783784930834 ], [ 127.010160448395624, 37.571568101570833 ], [ 127.011960880874469, 37.572638390987521 ], [ 127.012649293720969, 37.575381346683614 ], [ 127.015477694466341, 37.57681045639643 ], [ 127.015726040800317, 37.572983762654744 ] ] ] } },
{ "type": "Feature", "properties": { "adm_cd2": "1111068000", "adm_nm": "서울특별시 종로구 창신2동", "sggnm": "종로구", "shannon_mean": 0.4941830518270855, "n_bldg_sum": 970, "n_grid": 25 }, "geometry": { "type": "Polygon", "coordinates": [ [ [ 127.010480065311697, 37.580335481157597 ], [ 127.012606557589109, 37.574677091344363 ], [ 127.011960880874469, 37.572638390987521 ], [ 127.009726906103381, 37.571492427442571 ], [ 127.008836131714446, 37.572739342823709 ], [ 127.008420435205778, 37.576157710362033 ], [ 127.008841317839227, 37.580452638734883 ], [ 127.010480065311697, 37.580335481157597 ] ] ] } },
{ "type": "Feature", "properties": { "adm_cd2": "1111069000", "adm_nm": "서울특별시 종로구 창신3동", "sggnm": "종로구", "shannon_mean": 0.23499160973974365, "n_bldg_sum": 285, "n_grid": 20 }, "geometry": { "type": "Polygon", "coordinates": [ [ [ 127.014950496477127, 37.582130731356358 ], [ 127.015477694466341, 37.57681045639643 ], [ 127.012649293720969, 37.575381346683614 ], [ 127.011731809193805, 37.576182106359312 ], [ 127.010480065311697, 37.580335481157597 ], [ 127.014950496477127, 37.582130731356358 ] ] ] } },
{ "type": "Feature", "properties": { "adm_cd2": "1111070000", "adm_nm": "서울특별시 종로구 숭인1동", "sggnm": "종로구", "shannon_mean": 0.13633243546239202, "n_bldg_sum": 589, "n_grid": 23 }, "geometry": { "type": "Polygon", "coordinates": [ [ [ 127.018751663657071, 37.577526900275195 ], [ 127.01887510795649, 37.573963704244676 ], [ 127.015726040800317, 37.572983762654744 ], [ 127.014950496477127, 37.582130731356358 ], [ 127.016786332087264, 37.58153662148743 ], [ 127.018751663657071, 37.577526900275195 ] ] ] } },
{ "type": "Feature", "properties": { "adm_cd2": "1111071000", "adm_nm": "서울특별시 종로구 숭인2동", "sggnm": "종로구", "shannon_mean": 0.57917548246481709, "n_bldg_sum": 520, "n_grid": 29 }, "geometry": { "type": "Polygon", "coordinates": [ [ [ 127.023167877804156, 37.57804158355124 ], [ 127.023368123999518, 37.571739854899207 ], [ 127.018818536518452, 37.570984519777085 ], [ 127.015726040800317, 37.572983762654744 ], [ 127.01887510795649, 37.573963704244676 ], [ 127.018751663657071, 37.577526900275195 ], [ 127.023167877804156, 37.57804158355124 ] ] ] } },
{ "type": "Feature", "properties": { "adm_cd2": "1111051500", "adm_nm": "서울특별시 종로구 청운효자동", "sggnm": "종로구", "shannon_mean": 0.49128321253075941, "n_bldg_sum": 1478, "n_grid": 98 }, "geometry": { "type": "Polygon", "coordinates": [ [ [ 126.973587263553426, 37.593289023280704 ], [ 126.975693343513328, 37.589684034240094 ], [ 126.978973668856298, 37.587178178288674 ], [ 126.979417938903708, 37.585900230324711 ], [ 126.980303701624806, 37.580986173619728 ], [ 126.979592489109393, 37.57597727455633 ], [ 126.974331538357575, 37.575749906299862 ], [ 126.973819257844539, 37.579372140302631 ], [ 126.969904573616262, 37.579301753628734 ], [ 126.968955116954774, 37.577935262340283 ], [ 126.967424315843317, 37.579601537124489 ], [ 126.962810410472628, 37.579448809656775 ], [ 126.957895324618931, 37.583811410465415 ], [ 126.957804671329043, 37.584988341358191 ], [ 126.958865149453985, 37.585957645050044 ], [ 126.963173883022861, 37.587863381171267 ], [ 126.96457451385055, 37.590972619268321 ], [ 126.966433749475101, 37.592932440729243 ], [ 126.971937526494074, 37.593885782225897 ], [ 126.973587263553426, 37.593289023280704 ] ] ] } },
{ "type": "Feature", "properties": { "adm_cd2": "1111065000", "adm_nm": "서울특별시 종로구 혜화동", "sggnm": "종로구", "shannon_mean": 0.52142207506798655, "n_bldg_sum": 1617, "n_grid": 87 }, "geometry": { "type": "Polygon", "coordinates": [ [ [ 127.004194817617034, 37.587950483032529 ], [ 127.004299747286751, 37.587086705567486 ], [ 127.006527493798131, 37.586128221213336 ], [ 127.007332539631321, 37.583203339216226 ], [ 127.005804595261452, 37.584756278282704 ], [ 127.002720829472054, 37.58372368050577 ], [ 127.001804621914033, 37.582530312837925 ], [ 126.996499784519315, 37.581022567729889 ], [ 126.99602795514383, 37.583287437105426 ], [ 126.993289283461209, 37.586929537014079 ], [ 126.988308367607232, 37.587469119033116 ], [ 126.989135903089448, 37.591306686318617 ], [ 126.998745178622769, 37.592516379265064 ], [ 127.001559767275126, 37.591918766063891 ], [ 127.001658251840468, 37.590101846311065 ], [ 127.004194817617034, 37.587950483032529 ] ] ] } },
{ "type": "Feature", "properties": { "adm_cd2": "1114052000", "adm_nm": "서울특별시 중구 소공동", "sggnm": "중구", "shannon_mean": 0.04332169878499658, "n_bldg_sum": 32, "n_grid": 18 }, "geometry": { "type": "Polygon", "coordinates": [ [ [ 126.981087377348885, 37.561801041995693 ], [ 126.971399237625874, 37.559602732846997 ], [ 126.966773538263666, 37.565794364030033 ], [ 126.969048370018541, 37.568194417708334 ], [ 126.975374709912543, 37.569315567021562 ], [ 126.975636147396457, 37.567756422206656 ], [ 126.978350668960928, 37.565439850969568 ], [ 126.982646283755756, 37.565949285303894 ], [ 126.981087377348885, 37.561801041995693 ] ] ] } },
{ "type": "Feature", "properties": { "adm_cd2": "1114054000", "adm_nm": "서울특별시 중구 회현동", "sggnm": "중구", "shannon_mean": 0.2524903807309124, "n_bldg_sum": 321, "n_grid": 34 }, "geometry": { "type": "Polygon", "coordinates": [ [ [ 126.985364127733448, 37.554238388340295 ], [ 126.983743551507118, 37.553035851756739 ], [ 126.981480198562267, 37.55392390264948 ], [ 126.979829377755621, 37.553415266091974 ], [ 126.976733724379017, 37.555026268313441 ], [ 126.976658652878086, 37.552708344625479 ], [ 126.972362318945017, 37.554391104728893 ], [ 126.969072715918855, 37.553896930097167 ], [ 126.968488970864058, 37.555383763681306 ], [ 126.969303007106518, 37.55802050617244 ], [ 126.970571998667765, 37.559314003890279 ], [ 126.981087377348885, 37.561801041995693 ], [ 126.983152003485955, 37.557954628389233 ], [ 126.983582686601224, 37.554199016031916 ], [ 126.985364127733448, 37.554238388340295 ] ] ] } },
{ "type": "Feature", "properties": { "adm_cd2": "1114055000", "adm_nm": "서울특별시 중구 명동", "sggnm": "중구", "shannon_mean": 0.082857706301084882, "n_bldg_sum": 218, "n_grid": 36 }, "geometry": { "type": "Polygon", "coordinates": [ [ [ 126.977034498877501, 37.569194530054553 ], [ 126.990868782450633, 37.568243242488769 ], [ 126.990595474645119, 37.566182484345205 ], [ 126.988507706233989, 37.564736934192865 ], [ 126.988760508633888, 37.562907281343108 ], [ 126.990317739146121, 37.562955512382423 ], [ 126.990518165650798, 37.561198846353278 ], [ 126.988544506534353, 37.5603892181446 ], [ 126.98691508344605, 37.557453892084844 ], [ 126.984859589679914, 37.556299103227502 ], [ 126.985364127733448, 37.554238388340295 ], [ 126.983582686601224, 37.554199016031916 ], [ 126.983152003485955, 37.557954628389233 ], [ 126.981087377348885, 37.561801041995693 ], [ 126.982646283755756, 37.565949285303894 ], [ 126.978350668960928, 37.565439850969568 ], [ 126.975293677879947, 37.568658391321122 ], [ 126.975374709912543, 37.569315567021562 ], [ 126.977034498877501, 37.569194530054553 ] ] ] } },
{ "type": "Feature", "properties": { "adm_cd2": "1114057000", "adm_nm": "서울특별시 중구 필동", "sggnm": "중구", "shannon_mean": 0.38145327499048676, "n_bldg_sum": 405, "n_grid": 62 }, "geometry": { "type": "Polygon", "coordinates": [ [ [ 126.9934719028237, 37.563002898448289 ], [ 126.993678549767964, 37.561767056990583 ], [ 126.994754386366665, 37.561427445550734 ], [ 127.001173124307982, 37.562880319465989 ], [ 127.000396629581743, 37.559389895700249 ], [ 127.002638199917826, 37.558470970511983 ], [ 127.003512499255748, 37.558826170986819 ], [ 127.003878752030815, 37.558141564992141 ], [ 127.002511971772421, 37.555849767069667 ], [ 126.998574870731986, 37.554255751064808 ], [ 126.99740399808546, 37.551276393026953 ], [ 126.994443103843153, 37.552282202781555 ], [ 126.992359974022534, 37.550093126422475 ], [ 126.987811417298914, 37.551491980275401 ], [ 126.985427093698149, 37.553744426992886 ], [ 126.984738391452893, 37.556122811390118 ], [ 126.98691508344605, 37.557453892084844 ], [ 126.988544506534353, 37.5603892181446 ], [ 126.990518165650798, 37.561198846353278 ], [ 126.990317739146121, 37.562955512382423 ], [ 126.9934719028237, 37.563002898448289 ] ] ] } },
{ "type": "Feature", "properties": { "adm_cd2": "1114058000", "adm_nm": "서울특별시 중구 장충동", "sggnm": "중구", "shannon_mean": 0.48499072301329188, "n_bldg_sum": 537, "n_grid": 39 }, "geometry": { "type": "Polygon", "coordinates": [ [ [ 127.009567910971683, 37.563025744036686 ], [ 127.009858094564564, 37.560328649171836 ], [ 127.007265022324404, 37.556278684936991 ], [ 127.00452649356842, 37.553934983591027 ], [ 127.003775721070426, 37.551909426157309 ], [ 127.004225278994852, 37.550375639444638 ], [ 127.002684410937903, 37.549600758528968 ], [ 126.998521777183441, 37.549931299316114 ], [ 126.995320555861753, 37.547237269992294 ], [ 126.992359974022534, 37.550093126422475 ], [ 126.994443103843153, 37.552282202781555 ], [ 126.99740399808546, 37.551276393026953 ], [ 126.998574870731986, 37.554255751064808 ], [ 127.003478613771478, 37.556696597663937 ], [ 127.003512499255748, 37.558826170986819 ], [ 127.002638199917826, 37.558470970511983 ], [ 127.000396629581743, 37.559389895700249 ], [ 127.001173124307982, 37.562880319465989 ], [ 127.005224160220223, 37.562499596636783 ], [ 127.006699183163349, 37.563573028527365 ], [ 127.009567910971683, 37.563025744036686 ] ] ] } },
{ "type": "Feature", "properties": { "adm_cd2": "1114059000", "adm_nm": "서울특별시 중구 광희동", "sggnm": "중구", "shannon_mean": 0.10102674557646815, "n_bldg_sum": 479, "n_grid": 41 }, "geometry": { "type": "Polygon", "coordinates": [ [ [ 127.009567910971683, 37.563025744036686 ], [ 127.006699183163349, 37.563573028527365 ], [ 127.005224160220223, 37.562499596636783 ], [ 127.001173124307982, 37.562880319465989 ], [ 126.994754386366665, 37.561427445550734 ], [ 126.993363596274193, 37.562609258546921 ], [ 126.995890324934692, 37.565470598640125 ], [ 127.001527985191672, 37.565882435428676 ], [ 127.003226884466486, 37.565288776839914 ], [ 127.005464296247155, 37.569314794561031 ], [ 127.009585232169215, 37.569783784930834 ], [ 127.011763783103177, 37.56781435763957 ], [ 127.011916274460631, 37.566467944449748 ], [ 127.010506114185077, 37.565765343272872 ], [ 127.009567910971683, 37.563025744036686 ] ] ] } },
{ "type": "Feature", "properties": { "adm_cd2": "1114060500", "adm_nm": "서울특별시 중구 을지로동", "sggnm": "중구", "shannon_mean": 0.061434161993760263, "n_bldg_sum": 379, "n_grid": 50 }, "geometry": { "type": "Polygon", "coordinates": [ [ [ 126.9934719028237, 37.563002898448289 ], [ 126.988760508633888, 37.562907281343108 ], [ 126.988593363530072, 37.565248755936558 ], [ 126.990595474645119, 37.566182484345205 ], [ 126.990868782450633, 37.568243242488769 ], [ 127.006683609991612, 37.569647761132209 ], [ 127.004987719660107, 37.568820436189199 ], [ 127.003226884466486, 37.565288776839914 ], [ 127.001527985191672, 37.565882435428676 ], [ 126.995890324934692, 37.565470598640125 ], [ 126.9934719028237, 37.563002898448289 ] ] ] } },
{ "type": "Feature", "properties": { "adm_cd2": "1114065000", "adm_nm": "서울특별시 중구 신당5동", "sggnm": "중구", "shannon_mean": 0.2801409850483359, "n_bldg_sum": 505, "n_grid": 27 }, "geometry": { "type": "Polygon", "coordinates": [ [ [ 127.023615247863077, 37.565168869046076 ], [ 127.026705495410539, 37.564989762451361 ], [ 127.026756803991461, 37.564289047752034 ], [ 127.026265206820355, 37.562993762112917 ], [ 127.023494974422306, 37.560717974090267 ], [ 127.021317760513071, 37.561120407378013 ], [ 127.018773961724492, 37.56339160479137 ], [ 127.015990718442609, 37.564122672606004 ], [ 127.018074357202806, 37.565566649808687 ], [ 127.023615247863077, 37.565168869046076 ] ] ] } },
{ "type": "Feature", "properties": { "adm_cd2": "1114067000", "adm_nm": "서울특별시 중구 황학동", "sggnm": "중구", "shannon_mean": 0.14631211422752516, "n_bldg_sum": 598, "n_grid": 30 }, "geometry": { "type": "Polygon", "coordinates": [ [ [ 127.023615247863077, 37.565168869046076 ], [ 127.018074357202806, 37.565566649808687 ], [ 127.017513375615493, 37.570291012969996 ], [ 127.023368123999518, 37.571739854899207 ], [ 127.023615247863077, 37.565168869046076 ] ] ] } },
{ "type": "Feature", "properties": { "adm_cd2": "1114068000", "adm_nm": "서울특별시 중구 중림동", "sggnm": "중구", "shannon_mean": 0.4563024034127971, "n_bldg_sum": 299, "n_grid": 34 }, "geometry": { "type": "Polygon", "coordinates": [ [ [ 126.971399237625874, 37.559602732846997 ], [ 126.969303007106518, 37.55802050617244 ], [ 126.968488970864058, 37.555383763681306 ], [ 126.962386874394127, 37.551503993982486 ], [ 126.96170270446936, 37.555342928381329 ], [ 126.96321591360271, 37.557150258987342 ], [ 126.963036620826671, 37.558182581821896 ], [ 126.961483486396077, 37.558853771875889 ], [ 126.969592461756264, 37.562013622451509 ], [ 126.971399237625874, 37.559602732846997 ] ] ] } },
{ "type": "Feature", "properties": { "adm_cd2": "1114061500", "adm_nm": "서울특별시 중구 신당동", "sggnm": "중구", "shannon_mean": 0.17079609642539431, "n_bldg_sum": 845, "n_grid": 33 }, "geometry": { "type": "Polygon", "coordinates": [ [ [ 127.018074357202806, 37.565566649808687 ], [ 127.015990718442609, 37.564122672606004 ], [ 127.014261969907139, 37.561080437745844 ], [ 127.012846349896193, 37.560581931394374 ], [ 127.009364204560725, 37.562047046265327 ], [ 127.010506114185077, 37.565765343272872 ], [ 127.011916274460631, 37.566467944449748 ], [ 127.011763783103177, 37.56781435763957 ], [ 127.009585232169215, 37.569783784930834 ], [ 127.017513375615493, 37.570291012969996 ], [ 127.018074357202806, 37.565566649808687 ] ] ] } },
{ "type": "Feature", "properties": { "adm_cd2": "1114062500", "adm_nm": "서울특별시 중구 다산동", "sggnm": "중구", "shannon_mean": 0.75360037478933173, "n_bldg_sum": 1049, "n_grid": 53 }, "geometry": { "type": "Polygon", "coordinates": [ [ [ 127.012846349896193, 37.560581931394374 ], [ 127.013642060533371, 37.560221863751735 ], [ 127.007178928946516, 37.548291237806168 ], [ 127.005305736247692, 37.547712171130996 ], [ 127.005894405089094, 37.548204617335671 ], [ 127.004715596624308, 37.54834740546746 ], [ 127.003775721070426, 37.551909426157309 ], [ 127.00452649356842, 37.553934983591027 ], [ 127.007265022324404, 37.556278684936991 ], [ 127.009858094564564, 37.560328649171836 ], [ 127.009364204560725, 37.562047046265327 ], [ 127.012846349896193, 37.560581931394374 ] ] ] } },
{ "type": "Feature", "properties": { "adm_cd2": "1114063500", "adm_nm": "서울특별시 중구 약수동", "sggnm": "중구", "shannon_mean": 0.77971957163231465, "n_bldg_sum": 273, "n_grid": 39 }, "geometry": { "type": "Polygon", "coordinates": [ [ [ 127.016306137488954, 37.553011495638152 ], [ 127.010681940708878, 37.548078215345136 ], [ 127.008606035702712, 37.543979714240301 ], [ 127.007258137488947, 37.543810737312569 ], [ 127.004842604903658, 37.546182262833796 ], [ 127.005305736247692, 37.547712171130996 ], [ 127.007178928946516, 37.548291237806168 ], [ 127.011055650470624, 37.555530527159917 ], [ 127.012537818045473, 37.553945795830757 ], [ 127.013537508584264, 37.553648065758892 ], [ 127.014495379399918, 37.554436083713931 ], [ 127.016306137488954, 37.553011495638152 ] ] ] } },
{ "type": "Feature", "properties": { "adm_cd2": "1114064500", "adm_nm": "서울특별시 중구 청구동", "sggnm": "중구", "shannon_mean": 0.37463594730085048, "n_bldg_sum": 442, "n_grid": 30 }, "geometry": { "type": "Polygon", "coordinates": [ [ [ 127.019370886001767, 37.557499213548525 ], [ 127.017411435665281, 37.555982657918918 ], [ 127.016306137488954, 37.553011495638152 ], [ 127.014495379399918, 37.554436083713931 ], [ 127.013537508584264, 37.553648065758892 ], [ 127.012537818045473, 37.553945795830757 ], [ 127.011055650470624, 37.555530527159917 ], [ 127.013642060533371, 37.560221863751735 ], [ 127.012846349896193, 37.560581931394374 ], [ 127.014261969907139, 37.561080437745844 ], [ 127.013931532262674, 37.560281638133475 ], [ 127.018863928112822, 37.558425538779794 ], [ 127.019370886001767, 37.557499213548525 ] ] ] } },
{ "type": "Feature", "properties": { "adm_cd2": "1114066500", "adm_nm": "서울특별시 중구 동화동", "sggnm": "중구", "shannon_mean": 0.27397082783888005, "n_bldg_sum": 307, "n_grid": 34 }, "geometry": { "type": "Polygon", "coordinates": [ [ [ 127.023334875100801, 37.560744368301691 ], [ 127.022857146333436, 37.557868260398386 ], [ 127.019370886001767, 37.557499213548525 ], [ 127.018863928112822, 37.558425538779794 ], [ 127.013931532262674, 37.560281638133475 ], [ 127.015990718442609, 37.564122672606004 ], [ 127.018773961724492, 37.56339160479137 ], [ 127.021317760513071, 37.561120407378013 ], [ 127.023334875100801, 37.560744368301691 ] ] ] } },
{ "type": "Feature", "properties": { "adm_cd2": "1117051000", "adm_nm": "서울특별시 용산구 후암동", "sggnm": "용산구", "shannon_mean": 0.64734116646445072, "n_bldg_sum": 1538, "n_grid": 60 }, "geometry": { "type": "Polygon", "coordinates": [ [ [ 126.985427093698149, 37.553744426992886 ], [ 126.987811417298914, 37.551491980275401 ], [ 126.986032144581202, 37.547846176074799 ], [ 126.983800456095494, 37.546528356783988 ], [ 126.975107907688809, 37.54550531320784 ], [ 126.974409674903626, 37.54897713354277 ], [ 126.975787262983175, 37.552254931337956 ], [ 126.976658652878086, 37.552708344625479 ], [ 126.976628028185232, 37.55496270544252 ], [ 126.979829377755621, 37.553415266091974 ], [ 126.981480198562267, 37.55392390264948 ], [ 126.983743551507118, 37.553035851756739 ], [ 126.985427093698149, 37.553744426992886 ] ] ] } },
{ "type": "Feature", "properties": { "adm_cd2": "1117052000", "adm_nm": "서울특별시 용산구 용산2가동", "sggnm": "용산구", "shannon_mean": 0.46135836636853644, "n_bldg_sum": 1196, "n_grid": 49 }, "geometry": { "type": "Polygon", "coordinates": [ [ [ 126.992359974022534, 37.550093126422475 ], [ 126.993194107955915, 37.549055626161369 ], [ 126.991417330573896, 37.547827806454272 ], [ 126.988563809448749, 37.543054999253208 ], [ 126.986781015343638, 37.538203854340495 ], [ 126.987375568608158, 37.53443991328637 ], [ 126.988777214543163, 37.533572805378753 ], [ 126.991333393505982, 37.5294656660908 ], [ 126.98379900363237, 37.52941957522318 ], [ 126.983797492973679, 37.531154573055659 ], [ 126.979242732839239, 37.532774011178653 ], [ 126.979058055740722, 37.537968359940422 ], [ 126.976396633077542, 37.538071511436172 ], [ 126.974602055096739, 37.540663937660447 ], [ 126.973479626046725, 37.545262635831271 ], [ 126.983800456095494, 37.546528356783988 ], [ 126.987373596471699, 37.54950485781341 ], [ 126.987811417298914, 37.551491980275401 ], [ 126.992359974022534, 37.550093126422475 ] ] ] } },
{ "type": "Feature", "properties": { "adm_cd2": "1117053000", "adm_nm": "서울특별시 용산구 남영동", "sggnm": "용산구", "shannon_mean": 0.47194158240905942, "n_bldg_sum": 564, "n_grid": 41 }, "geometry": { "type": "Polygon", "coordinates": [ [ [ 126.976658652878086, 37.552708344625479 ], [ 126.975787262983175, 37.552254931337956 ], [ 126.974409674903626, 37.54897713354277 ], [ 126.975107907688809, 37.54550531320784 ], [ 126.973479626046725, 37.545262635831271 ], [ 126.974602055096739, 37.540663937660447 ], [ 126.976396633077542, 37.538071511436172 ], [ 126.979058055740722, 37.537968359940422 ], [ 126.979026353471937, 37.534695156202005 ], [ 126.97613392392995, 37.534567470658089 ], [ 126.975068497263493, 37.5353728165436 ], [ 126.973207951134185, 37.540316341001031 ], [ 126.970860405403528, 37.539139723587006 ], [ 126.970895901590765, 37.548533075147489 ], [ 126.969072715918855, 37.553896930097167 ], [ 126.972362318945017, 37.554391104728893 ], [ 126.976658652878086, 37.552708344625479 ] ] ] } },
{ "type": "Feature", "properties": { "adm_cd2": "1117057000", "adm_nm": "서울특별시 용산구 원효로2동", "sggnm": "용산구", "shannon_mean": 0.50840879423797225, "n_bldg_sum": 683, "n_grid": 47 }, "geometry": { "type": "Polygon", "coordinates": [ [ [ 126.960697463157786, 37.535703606840002 ], [ 126.961586335405372, 37.533145506703633 ], [ 126.957412068859227, 37.532742200589738 ], [ 126.946337641700197, 37.527333480013475 ], [ 126.943570435574756, 37.529418283158478 ], [ 126.945081515639444, 37.534934898649688 ], [ 126.946395538453771, 37.535742169963399 ], [ 126.951126913926601, 37.536212648753001 ], [ 126.953008125164189, 37.537847215186538 ], [ 126.960697463157786, 37.535703606840002 ] ] ] } },
{ "type": "Feature", "properties": { "adm_cd2": "1117058000", "adm_nm": "서울특별시 용산구 효창동", "sggnm": "용산구", "shannon_mean": 0.72810760268712627, "n_bldg_sum": 659, "n_grid": 38 }, "geometry": { "type": "Polygon", "coordinates": [ [ [ 126.963199620272661, 37.548677481110552 ], [ 126.964884156366239, 37.541469824150987 ], [ 126.963858244741061, 37.53861465035996 ], [ 126.956507536099082, 37.540704852943406 ], [ 126.957700253941269, 37.54208264069797 ], [ 126.958629337918765, 37.545581887480019 ], [ 126.963199620272661, 37.548677481110552 ] ] ] } },
{ "type": "Feature", "properties": { "adm_cd2": "1117059000", "adm_nm": "서울특별시 용산구 용문동", "sggnm": "용산구", "shannon_mean": 0.55829473772142335, "n_bldg_sum": 501, "n_grid": 25 }, "geometry": { "type": "Polygon", "coordinates": [ [ [ 126.963858244741061, 37.53861465035996 ], [ 126.960697463157786, 37.535703606840002 ], [ 126.953008125164189, 37.537847215186538 ], [ 126.956507536099082, 37.540704852943406 ], [ 126.963858244741061, 37.53861465035996 ] ] ] } },
{ "type": "Feature", "properties": { "adm_cd2": "1117063000", "adm_nm": "서울특별시 용산구 이촌1동", "sggnm": "용산구", "shannon_mean": 0.2441432691978167, "n_bldg_sum": 153, "n_grid": 63 }, "geometry": { "type": "Polygon", "coordinates": [ [ [ 126.976230340089501, 37.521791225937001 ], [ 126.982956233143568, 37.519392862417291 ], [ 126.98248557960703, 37.513506142885731 ], [ 126.98013790510133, 37.512117807513121 ], [ 126.964602519976509, 37.512778503901707 ], [ 126.957198161034725, 37.51541394716002 ], [ 126.961758832146302, 37.522626387077729 ], [ 126.965138470639886, 37.522008540334262 ], [ 126.972060547672143, 37.523040188365052 ], [ 126.976230340089501, 37.521791225937001 ] ] ] } },
{ "type": "Feature", "properties": { "adm_cd2": "1117064000", "adm_nm": "서울특별시 용산구 이촌2동", "sggnm": "용산구", "shannon_mean": 0.80478621506329262, "n_bldg_sum": 139, "n_grid": 20 }, "geometry": { "type": "Polygon", "coordinates": [ [ [ 126.961758832146302, 37.522626387077729 ], [ 126.957198161034725, 37.51541394716002 ], [ 126.950402393037322, 37.520026689676321 ], [ 126.946337641700197, 37.527333480013475 ], [ 126.954606192503462, 37.531525969036764 ], [ 126.955447890170262, 37.526966763483699 ], [ 126.961758832146302, 37.522626387077729 ] ] ] } },
{ "type": "Feature", "properties": { "adm_cd2": "1117065000", "adm_nm": "서울특별시 용산구 이태원1동", "sggnm": "용산구", "shannon_mean": 0.27877470209348348, "n_bldg_sum": 732, "n_grid": 47 }, "geometry": { "type": "Polygon", "coordinates": [ [ [ 126.997870003016502, 37.532613508530673 ], [ 126.994798752438001, 37.528734784129149 ], [ 126.991333393505982, 37.5294656660908 ], [ 126.987885928958448, 37.534384577173292 ], [ 126.995341599477243, 37.53897197228811 ], [ 126.997036206464642, 37.533351384124572 ], [ 126.997870003016502, 37.532613508530673 ] ] ] } },
{ "type": "Feature", "properties": { "adm_cd2": "1117066000", "adm_nm": "서울특별시 용산구 이태원2동", "sggnm": "용산구", "shannon_mean": 0.48961585470327995, "n_bldg_sum": 1204, "n_grid": 56 }, "geometry": { "type": "Polygon", "coordinates": [ [ [ 126.995320555861753, 37.547237269992294 ], [ 126.996505356366868, 37.546020997192528 ], [ 126.997805058055292, 37.541254806879351 ], [ 126.994562680983236, 37.538345580711734 ], [ 126.987375568608158, 37.53443991328637 ], [ 126.986968656804024, 37.538902090319553 ], [ 126.991417330573896, 37.547827806454272 ], [ 126.993194107955915, 37.549055626161369 ], [ 126.995320555861753, 37.547237269992294 ] ] ] } },
{ "type": "Feature", "properties": { "adm_cd2": "1117069000", "adm_nm": "서울특별시 용산구 서빙고동", "sggnm": "용산구", "shannon_mean": 0.57254546445658294, "n_bldg_sum": 765, "n_grid": 59 }, "geometry": { "type": "Polygon", "coordinates": [ [ [ 126.991333393505982, 37.5294656660908 ], [ 126.996821649161561, 37.527802641863396 ], [ 126.997011704607061, 37.524991228286503 ], [ 127.000404819928633, 37.522113410439978 ], [ 127.000387320579776, 37.517949077834615 ], [ 126.989379317957614, 37.512707976506604 ], [ 126.988623730988905, 37.51409714647896 ], [ 126.98248557960703, 37.513506142885731 ], [ 126.982805497098752, 37.519614138359366 ], [ 126.976230340089501, 37.521791225937001 ], [ 126.979242732839239, 37.532774011178653 ], [ 126.983797492973679, 37.531154573055659 ], [ 126.98379900363237, 37.52941957522318 ], [ 126.991333393505982, 37.5294656660908 ] ] ] } },
{ "type": "Feature", "properties": { "adm_cd2": "1117070000", "adm_nm": "서울특별시 용산구 보광동", "sggnm": "용산구", "shannon_mean": 0.27171823367618314, "n_bldg_sum": 1955, "n_grid": 50 }, "geometry": { "type": "Polygon", "coordinates": [ [ [ 127.007972176188559, 37.524588976548777 ], [ 127.004427431653781, 37.520261173676964 ], [ 127.000387320579776, 37.517949077834615 ], [ 127.000262307249812, 37.522483480467123 ], [ 126.997011704607061, 37.524991228286503 ], [ 126.996821649161561, 37.527802641863396 ], [ 126.994798752438001, 37.528734784129149 ], [ 126.998100562374105, 37.532642735221017 ], [ 127.003544524566237, 37.530008990340818 ], [ 127.002850245056692, 37.528142521570203 ], [ 127.007972176188559, 37.524588976548777 ] ] ] } },
{ "type": "Feature", "properties": { "adm_cd2": "1117055500", "adm_nm": "서울특별시 용산구 청파동", "sggnm": "용산구", "shannon_mean": 0.48324412891825846, "n_bldg_sum": 2111, "n_grid": 73 }, "geometry": { "type": "Polygon", "coordinates": [ [ [ 126.969072715918855, 37.553896930097167 ], [ 126.970895901590765, 37.548533075147489 ], [ 126.971028267162907, 37.541720549976148 ], [ 126.964884156366239, 37.541469824150987 ], [ 126.962386874394127, 37.551503993982486 ], [ 126.968488970864058, 37.555383763681306 ], [ 126.969072715918855, 37.553896930097167 ] ] ] } },
{ "type": "Feature", "properties": { "adm_cd2": "1117056000", "adm_nm": "서울특별시 용산구 원효로1동", "sggnm": "용산구", "shannon_mean": 0.38129686960200454, "n_bldg_sum": 641, "n_grid": 54 }, "geometry": { "type": "Polygon", "coordinates": [ [ [ 126.970860405403528, 37.539139723587006 ], [ 126.970771610524679, 37.536681949363199 ], [ 126.969457752824937, 37.534314584087433 ], [ 126.966800087319257, 37.533807997782247 ], [ 126.964879136515634, 37.534549681949912 ], [ 126.961586335405372, 37.533145506703633 ], [ 126.960715786105226, 37.535762211619911 ], [ 126.96316923463425, 37.537423988927358 ], [ 126.964884156366239, 37.541469824150987 ], [ 126.970714290542332, 37.541600899423614 ], [ 126.970860405403528, 37.539139723587006 ] ] ] } },
{ "type": "Feature", "properties": { "adm_cd2": "1117062500", "adm_nm": "서울특별시 용산구 한강로동", "sggnm": "용산구", "shannon_mean": 0.25730651856957998, "n_bldg_sum": 657, "n_grid": 83 }, "geometry": { "type": "Polygon", "coordinates": [ [ [ 126.979026353471937, 37.534695156202005 ], [ 126.979242732839239, 37.532774011178653 ], [ 126.976230340089501, 37.521791225937001 ], [ 126.972060547672143, 37.523040188365052 ], [ 126.963249571201828, 37.522167847998332 ], [ 126.957527113046112, 37.524965190333695 ], [ 126.955447890170262, 37.526966763483699 ], [ 126.954606192503462, 37.531525969036764 ], [ 126.964744184051213, 37.534527662358045 ], [ 126.966800087319257, 37.533807997782247 ], [ 126.969187290321315, 37.534147745379883 ], [ 126.970771610524679, 37.536681949363199 ], [ 126.970860405403528, 37.539139723587006 ], [ 126.973207951134185, 37.540316341001031 ], [ 126.975068497263493, 37.5353728165436 ], [ 126.97613392392995, 37.534567470658089 ], [ 126.979026353471937, 37.534695156202005 ] ] ] } },
{ "type": "Feature", "properties": { "adm_cd2": "1117068500", "adm_nm": "서울특별시 용산구 한남동", "sggnm": "용산구", "shannon_mean": 0.55135201217082186, "n_bldg_sum": 1859, "n_grid": 168 }, "geometry": { "type": "Polygon", "coordinates": [ [ [ 127.005305736247692, 37.547712171130996 ], [ 127.004842604903658, 37.546182262833796 ], [ 127.007258137488947, 37.543810737312569 ], [ 127.008606035702712, 37.543979714240301 ], [ 127.008336960378614, 37.54185929062551 ], [ 127.009322759818048, 37.539677481240332 ], [ 127.014789263117663, 37.538901377441235 ], [ 127.020924412345153, 37.535119356806142 ], [ 127.007972176188559, 37.524588976548777 ], [ 127.002850245056692, 37.528142521570203 ], [ 127.003544524566237, 37.530008990340818 ], [ 126.997036206464642, 37.533351384124572 ], [ 126.995123837029766, 37.538218411916517 ], [ 126.997862398813552, 37.542217509121237 ], [ 126.996505356366868, 37.546020997192528 ], [ 126.995320555861753, 37.547237269992294 ], [ 126.998521777183441, 37.549931299316114 ], [ 127.002684410937903, 37.549600758528968 ], [ 127.004225278994852, 37.550375639444638 ], [ 127.004715596624308, 37.54834740546746 ], [ 127.005894405089094, 37.548204617335671 ], [ 127.005305736247692, 37.547712171130996 ] ] ] } },
{ "type": "Feature", "properties": { "adm_cd2": "1120052000", "adm_nm": "서울특별시 성동구 왕십리2동", "sggnm": "성동구", "shannon_mean": 0.25518871335950311, "n_bldg_sum": 539, "n_grid": 31 }, "geometry": { "type": "Polygon", "coordinates": [ [ [ 127.033510589094263, 37.562517856120664 ], [ 127.031065124628583, 37.560333620339904 ], [ 127.028195952115482, 37.560270405219612 ], [ 127.02431040322989, 37.557897753360969 ], [ 127.022857146333436, 37.557868260398386 ], [ 127.023334875100801, 37.560744368301691 ], [ 127.026265206820355, 37.562993762112917 ], [ 127.026705495410539, 37.564989762451361 ], [ 127.033510589094263, 37.562517856120664 ] ] ] } },
{ "type": "Feature", "properties": { "adm_cd2": "1120054000", "adm_nm": "서울특별시 성동구 마장동", "sggnm": "성동구", "shannon_mean": 0.23724340607391228, "n_bldg_sum": 1127, "n_grid": 88 }, "geometry": { "type": "Polygon", "coordinates": [ [ [ 127.048231226469042, 37.565383930823508 ], [ 127.046898600431248, 37.565328371712255 ], [ 127.045288288565217, 37.562197632431051 ], [ 127.039382226242537, 37.56193700598412 ], [ 127.036495809946871, 37.566038105431268 ], [ 127.034718758916043, 37.566246322207249 ], [ 127.033035994337169, 37.567919566787502 ], [ 127.032310811981247, 37.570144154108469 ], [ 127.036533410707989, 37.572516705707791 ], [ 127.042180463861797, 37.573020962025055 ], [ 127.045982043779418, 37.569610568558758 ], [ 127.048231226469042, 37.565383930823508 ] ] ] } },
{ "type": "Feature", "properties": { "adm_cd2": "1120055000", "adm_nm": "서울특별시 성동구 사근동", "sggnm": "성동구", "shannon_mean": 0.33691235606182535, "n_bldg_sum": 754, "n_grid": 40 }, "geometry": { "type": "Polygon", "coordinates": [ [ [ 127.049335021649, 37.552639677345923 ], [ 127.03983477004536, 37.552915113576113 ], [ 127.039015249744821, 37.553856024224025 ], [ 127.039540662263718, 37.555740842859045 ], [ 127.038826079137593, 37.562848578899597 ], [ 127.039382226242537, 37.56193700598412 ], [ 127.045288288565217, 37.562197632431051 ], [ 127.046898600431248, 37.565328371712255 ], [ 127.048231226469042, 37.565383930823508 ], [ 127.051657537928122, 37.558271822846216 ], [ 127.051157728387949, 37.555004780460294 ], [ 127.049335021649, 37.552639677345923 ] ] ] } },
{ "type": "Feature", "properties": { "adm_cd2": "1120056000", "adm_nm": "서울특별시 성동구 행당1동", "sggnm": "성동구", "shannon_mean": 0.45657810165087259, "n_bldg_sum": 653, "n_grid": 42 }, "geometry": { "type": "Polygon", "coordinates": [ [ [ 127.038826079137593, 37.562848578899597 ], [ 127.039540662263718, 37.555740842859045 ], [ 127.039015249744821, 37.553856024224025 ], [ 127.034230075031118, 37.554596703724911 ], [ 127.033979986534476, 37.55850820355964 ], [ 127.030768527687243, 37.557861660991378 ], [ 127.031065124628583, 37.560333620339904 ], [ 127.033510589094263, 37.562517856120664 ], [ 127.035453061812248, 37.561280526249796 ], [ 127.036495809946871, 37.566038105431268 ], [ 127.038826079137593, 37.562848578899597 ] ] ] } },
{ "type": "Feature", "properties": { "adm_cd2": "1120057000", "adm_nm": "서울특별시 성동구 행당2동", "sggnm": "성동구", "shannon_mean": 0.39592748643297804, "n_bldg_sum": 274, "n_grid": 44 }, "geometry": { "type": "Polygon", "coordinates": [ [ [ 127.031065124628583, 37.560333620339904 ], [ 127.030768527687243, 37.557861660991378 ], [ 127.033979986534476, 37.55850820355964 ], [ 127.034280096261213, 37.554858318843756 ], [ 127.031940958775152, 37.552958806193622 ], [ 127.024902541856449, 37.555698621909443 ], [ 127.02431040322989, 37.557897753360969 ], [ 127.028085766651756, 37.56023729093031 ], [ 127.031065124628583, 37.560333620339904 ] ] ] } },
{ "type": "Feature", "properties": { "adm_cd2": "1120058000", "adm_nm": "서울특별시 성동구 응봉동", "sggnm": "성동구", "shannon_mean": 0.45754987994620377, "n_bldg_sum": 376, "n_grid": 34 }, "geometry": { "type": "Polygon", "coordinates": [ [ [ 127.039015249744821, 37.553856024224025 ], [ 127.040464784834853, 37.552497303299972 ], [ 127.040061680241848, 37.551330759872535 ], [ 127.032495229934497, 37.546748092507094 ], [ 127.030398278862066, 37.546271069569954 ], [ 127.029534933343371, 37.549202928138094 ], [ 127.028976027244923, 37.549103534243542 ], [ 127.029510378217708, 37.553911003327329 ], [ 127.031357830258159, 37.5529155871359 ], [ 127.034280096261213, 37.554858318843756 ], [ 127.039015249744821, 37.553856024224025 ] ] ] } },
{ "type": "Feature", "properties": { "adm_cd2": "1120059000", "adm_nm": "서울특별시 성동구 금호1가동", "sggnm": "성동구", "shannon_mean": 0.46925098813035149, "n_bldg_sum": 232, "n_grid": 33 }, "geometry": { "type": "Polygon", "coordinates": [ [ [ 127.029510378217708, 37.553911003327329 ], [ 127.028976027244923, 37.549103534243542 ], [ 127.025868758233457, 37.548319316976887 ], [ 127.025244397373427, 37.55211600251171 ], [ 127.01998250380413, 37.555699001232597 ], [ 127.019370886001767, 37.557499213548525 ], [ 127.02431040322989, 37.557897753360969 ], [ 127.025737706280253, 37.555015773546984 ], [ 127.029510378217708, 37.553911003327329 ] ] ] } },
{ "type": "Feature", "properties": { "adm_cd2": "1120062000", "adm_nm": "서울특별시 성동구 금호4가동", "sggnm": "성동구", "shannon_mean": 0.42052344487113158, "n_bldg_sum": 441, "n_grid": 34 }, "geometry": { "type": "Polygon", "coordinates": [ [ [ 127.030398278862066, 37.546271069569954 ], [ 127.031093624900151, 37.545956106404489 ], [ 127.02828346034805, 37.538527911097901 ], [ 127.025699784390099, 37.537864110115613 ], [ 127.019711582087808, 37.545149176446877 ], [ 127.016825785103137, 37.545734088046544 ], [ 127.014453720358773, 37.54809716556332 ], [ 127.025415737219859, 37.548082019019311 ], [ 127.029534933343371, 37.549202928138094 ], [ 127.030398278862066, 37.546271069569954 ] ] ] } },
{ "type": "Feature", "properties": { "adm_cd2": "1120065000", "adm_nm": "서울특별시 성동구 성수1가1동", "sggnm": "성동구", "shannon_mean": 0.42249830118535353, "n_bldg_sum": 641, "n_grid": 53 }, "geometry": { "type": "Polygon", "coordinates": [ [ [ 127.049584809295567, 37.544171301472169 ], [ 127.05188271435695, 37.54347360992697 ], [ 127.050456781497843, 37.540110649836116 ], [ 127.050835096940304, 37.537299758213393 ], [ 127.049058425591625, 37.532552153182337 ], [ 127.045961692342246, 37.532502926666254 ], [ 127.029856845948842, 37.538864306165756 ], [ 127.02828346034805, 37.538527911097901 ], [ 127.031093624900151, 37.545956106404489 ], [ 127.030398278862066, 37.546271069569954 ], [ 127.031221354288789, 37.54656823300261 ], [ 127.031121226400174, 37.546067758292914 ], [ 127.034360679014782, 37.545432730551063 ], [ 127.036719126821168, 37.547556804188979 ], [ 127.045391925892417, 37.546138257551597 ], [ 127.049584809295567, 37.544171301472169 ] ] ] } },
{ "type": "Feature", "properties": { "adm_cd2": "1120066000", "adm_nm": "서울특별시 성동구 성수1가2동", "sggnm": "성동구", "shannon_mean": 0.27988274806979913, "n_bldg_sum": 687, "n_grid": 49 }, "geometry": { "type": "Polygon", "coordinates": [ [ [ 127.049335021649, 37.552639677345923 ], [ 127.052516349826604, 37.5516884576043 ], [ 127.049584809295567, 37.544171301472169 ], [ 127.045391925892417, 37.546138257551597 ], [ 127.036719126821168, 37.547556804188979 ], [ 127.034360679014782, 37.545432730551063 ], [ 127.031121226400174, 37.546067758292914 ], [ 127.040061680241848, 37.551330759872535 ], [ 127.040464784834853, 37.552497303299972 ], [ 127.03983477004536, 37.552915113576113 ], [ 127.049335021649, 37.552639677345923 ] ] ] } },
{ "type": "Feature", "properties": { "adm_cd2": "1120067000", "adm_nm": "서울특별시 성동구 성수2가1동", "sggnm": "성동구", "shannon_mean": 0.32399597633142241, "n_bldg_sum": 1032, "n_grid": 67 }, "geometry": { "type": "Polygon", "coordinates": [ [ [ 127.062826311833192, 37.540186250212805 ], [ 127.056566563763568, 37.529101172908732 ], [ 127.049058425591625, 37.532552153182337 ], [ 127.050835096940304, 37.537299758213393 ], [ 127.050456781497843, 37.540110649836116 ], [ 127.05188271435695, 37.54347360992697 ], [ 127.062826311833192, 37.540186250212805 ] ] ] } },
{ "type": "Feature", "properties": { "adm_cd2": "1120069000", "adm_nm": "서울특별시 성동구 성수2가3동", "sggnm": "성동구", "shannon_mean": 0.44678699658640586, "n_bldg_sum": 311, "n_grid": 47 }, "geometry": { "type": "Polygon", "coordinates": [ [ [ 127.067498959941446, 37.548311264019979 ], [ 127.062826311833192, 37.540186250212805 ], [ 127.049584809295567, 37.544171301472169 ], [ 127.052182514944235, 37.550837696834215 ], [ 127.060044189258122, 37.548326536379051 ], [ 127.067498959941446, 37.548311264019979 ] ] ] } },
{ "type": "Feature", "properties": { "adm_cd2": "1120072000", "adm_nm": "서울특별시 성동구 송정동", "sggnm": "성동구", "shannon_mean": 0.12316131916707652, "n_bldg_sum": 888, "n_grid": 38 }, "geometry": { "type": "Polygon", "coordinates": [ [ [ 127.073698051202228, 37.559439590286978 ], [ 127.067498959941446, 37.548311264019979 ], [ 127.060044189258122, 37.548326536379051 ], [ 127.052182514944235, 37.550837696834215 ], [ 127.052516349826604, 37.5516884576043 ], [ 127.05985355245781, 37.549672582305057 ], [ 127.062952011252321, 37.550054412152356 ], [ 127.069511441784371, 37.557498887188643 ], [ 127.071804919541762, 37.559454076344608 ], [ 127.073698051202228, 37.559439590286978 ] ] ] } },
{ "type": "Feature", "properties": { "adm_cd2": "1120079000", "adm_nm": "서울특별시 성동구 용답동", "sggnm": "성동구", "shannon_mean": 0.13614179912407257, "n_bldg_sum": 1441, "n_grid": 48 }, "geometry": { "type": "Polygon", "coordinates": [ [ [ 127.056837384219875, 37.563766008740927 ], [ 127.059053305270453, 37.562311812959479 ], [ 127.070707325163809, 37.560583609642677 ], [ 127.073698051202228, 37.559439590286978 ], [ 127.071804919541762, 37.559454076344608 ], [ 127.068376316535591, 37.556408614605516 ], [ 127.064082582668732, 37.550802206095547 ], [ 127.06241618913819, 37.549847370013218 ], [ 127.05985355245781, 37.549672582305057 ], [ 127.049335021649, 37.552639677345923 ], [ 127.051157728387949, 37.555004780460294 ], [ 127.051657537928122, 37.558271822846216 ], [ 127.050003999849778, 37.562706935333566 ], [ 127.045982043779418, 37.569610568558758 ], [ 127.042180463861797, 37.573020962025055 ], [ 127.048657258752215, 37.569866394619694 ], [ 127.056837384219875, 37.563766008740927 ] ] ] } },
{ "type": "Feature", "properties": { "adm_cd2": "1120053500", "adm_nm": "서울특별시 성동구 왕십리도선동", "sggnm": "성동구", "shannon_mean": 0.17855896224227977, "n_bldg_sum": 599, "n_grid": 48 }, "geometry": { "type": "Polygon", "coordinates": [ [ [ 127.032310811981247, 37.570144154108469 ], [ 127.033035994337169, 37.567919566787502 ], [ 127.034718758916043, 37.566246322207249 ], [ 127.036495809946871, 37.566038105431268 ], [ 127.035453061812248, 37.561280526249796 ], [ 127.027418193941685, 37.564870936287029 ], [ 127.023615247863077, 37.565168869046076 ], [ 127.023368123999518, 37.571739854899207 ], [ 127.030357085425905, 37.569819285656138 ], [ 127.032310811981247, 37.570144154108469 ] ] ] } },
{ "type": "Feature", "properties": { "adm_cd2": "1120061500", "adm_nm": "서울특별시 성동구 금호2·3가동", "sggnm": "성동구", "shannon_mean": 0.56369215488821556, "n_bldg_sum": 1024, "n_grid": 58 }, "geometry": { "type": "Polygon", "coordinates": [ [ [ 127.025868758233457, 37.548319316976887 ], [ 127.014453720358773, 37.54809716556332 ], [ 127.014374121256921, 37.549134211892067 ], [ 127.013207619552659, 37.54994422861261 ], [ 127.016306137488954, 37.553011495638152 ], [ 127.017880239796781, 37.556570378397645 ], [ 127.019463902837472, 37.557339601698807 ], [ 127.01998250380413, 37.555699001232597 ], [ 127.025244397373427, 37.55211600251171 ], [ 127.025868758233457, 37.548319316976887 ] ] ] } },
{ "type": "Feature", "properties": { "adm_cd2": "1120064500", "adm_nm": "서울특별시 성동구 옥수동", "sggnm": "성동구", "shannon_mean": 0.54517991500127527, "n_bldg_sum": 242, "n_grid": 51 }, "geometry": { "type": "Polygon", "coordinates": [ [ [ 127.014453720358773, 37.54809716556332 ], [ 127.016825785103137, 37.545734088046544 ], [ 127.019711582087808, 37.545149176446877 ], [ 127.025699784390099, 37.537864110115613 ], [ 127.020924412345153, 37.535119356806142 ], [ 127.014789263117663, 37.538901377441235 ], [ 127.009322759818048, 37.539677481240332 ], [ 127.008336960378614, 37.54185929062551 ], [ 127.008577176121349, 37.543889052496155 ], [ 127.010681940708878, 37.548078215345136 ], [ 127.013207619552659, 37.54994422861261 ], [ 127.014374121256921, 37.549134211892067 ], [ 127.014453720358773, 37.54809716556332 ] ] ] } },
{ "type": "Feature", "properties": { "adm_cd2": "1121571000", "adm_nm": "서울특별시 광진구 화양동", "sggnm": "광진구", "shannon_mean": 0.36067285260372212, "n_bldg_sum": 1590, "n_grid": 72 }, "geometry": { "type": "Polygon", "coordinates": [ [ [ 127.074056820692107, 37.547340473833572 ], [ 127.082376731526139, 37.544971225515745 ], [ 127.081275885487784, 37.54281196495608 ], [ 127.081404905089414, 37.542015837332762 ], [ 127.082934489127894, 37.541372289074786 ], [ 127.082290361982672, 37.54003782342226 ], [ 127.079948117751371, 37.539002483009384 ], [ 127.075264219652809, 37.539326934855197 ], [ 127.075135387782936, 37.538711429624698 ], [ 127.063943393779851, 37.542150944448245 ], [ 127.067498959941446, 37.548311264019979 ], [ 127.074056820692107, 37.547340473833572 ] ] ] } },
{ "type": "Feature", "properties": { "adm_cd2": "1121573000", "adm_nm": "서울특별시 광진구 군자동", "sggnm": "광진구", "shannon_mean": 0.43681129986758754, "n_bldg_sum": 1608, "n_grid": 66 }, "geometry": { "type": "Polygon", "coordinates": [ [ [ 127.077930673036562, 37.557778284555837 ], [ 127.079199683430133, 37.556634244375445 ], [ 127.074056820692107, 37.547340473833572 ], [ 127.067498959941446, 37.548311264019979 ], [ 127.073698051202228, 37.559439590286978 ], [ 127.077930673036562, 37.557778284555837 ] ] ] } },
{ "type": "Feature", "properties": { "adm_cd2": "1121574000", "adm_nm": "서울특별시 광진구 중곡1동", "sggnm": "광진구", "shannon_mean": 0.50107506504759969, "n_bldg_sum": 1244, "n_grid": 48 }, "geometry": { "type": "Polygon", "coordinates": [ [ [ 127.083358513855686, 37.564206160056784 ], [ 127.079859078388495, 37.557797316300515 ], [ 127.077930673036562, 37.557778284555837 ], [ 127.072101661505073, 37.560045607394621 ], [ 127.075848125699721, 37.566636730990339 ], [ 127.083358513855686, 37.564206160056784 ] ] ] } },
{ "type": "Feature", "properties": { "adm_cd2": "1121575000", "adm_nm": "서울특별시 광진구 중곡2동", "sggnm": "광진구", "shannon_mean": 0.6479125667521729, "n_bldg_sum": 1518, "n_grid": 54 }, "geometry": { "type": "Polygon", "coordinates": [ [ [ 127.08691839463043, 37.563506593169841 ], [ 127.088673187829798, 37.553292485767471 ], [ 127.079630214046205, 37.557230331199413 ], [ 127.083358513855686, 37.564206160056784 ], [ 127.08691839463043, 37.563506593169841 ] ] ] } },
{ "type": "Feature", "properties": { "adm_cd2": "1121576000", "adm_nm": "서울특별시 광진구 중곡3동", "sggnm": "광진구", "shannon_mean": 0.50211116246314302, "n_bldg_sum": 1348, "n_grid": 51 }, "geometry": { "type": "Polygon", "coordinates": [ [ [ 127.086165057292504, 37.570820683141299 ], [ 127.08691839463043, 37.563506593169841 ], [ 127.075848125699721, 37.566636730990339 ], [ 127.078575959842297, 37.57186080820366 ], [ 127.086165057292504, 37.570820683141299 ] ] ] } },
{ "type": "Feature", "properties": { "adm_cd2": "1121577000", "adm_nm": "서울특별시 광진구 중곡4동", "sggnm": "광진구", "shannon_mean": 0.74505574669598396, "n_bldg_sum": 2062, "n_grid": 80 }, "geometry": { "type": "Polygon", "coordinates": [ [ [ 127.101146079923197, 37.560023363174111 ], [ 127.099457681569461, 37.558225646119567 ], [ 127.096139157798675, 37.557186236783018 ], [ 127.089628311828292, 37.552399059866595 ], [ 127.088673187829798, 37.553292485767471 ], [ 127.086165057292504, 37.570820683141299 ], [ 127.091803466382075, 37.569648278427792 ], [ 127.100930211180881, 37.573559795823115 ], [ 127.101636970614166, 37.572558290981583 ], [ 127.103834757537768, 37.571834575724203 ], [ 127.104183502585173, 37.57099528607565 ], [ 127.101146079923197, 37.560023363174111 ] ] ] } },
{ "type": "Feature", "properties": { "adm_cd2": "1121578000", "adm_nm": "서울특별시 광진구 능동", "sggnm": "광진구", "shannon_mean": 0.52560477898828306, "n_bldg_sum": 938, "n_grid": 44 }, "geometry": { "type": "Polygon", "coordinates": [ [ [ 127.088673187829798, 37.553292485767471 ], [ 127.089548114975827, 37.551790271597127 ], [ 127.085423017968054, 37.548722577505181 ], [ 127.08568708242899, 37.546140000482538 ], [ 127.085064515752137, 37.545108018894389 ], [ 127.079479014944781, 37.545429646214643 ], [ 127.074056820692107, 37.547340473833572 ], [ 127.079199683430133, 37.556634244375445 ], [ 127.077930673036562, 37.557778284555837 ], [ 127.079859078388495, 37.557797316300515 ], [ 127.080092447035113, 37.556934766132059 ], [ 127.088673187829798, 37.553292485767471 ] ] ] } },
{ "type": "Feature", "properties": { "adm_cd2": "1121585000", "adm_nm": "서울특별시 광진구 구의1동", "sggnm": "광진구", "shannon_mean": 0.7366016570847278, "n_bldg_sum": 1409, "n_grid": 54 }, "geometry": { "type": "Polygon", "coordinates": [ [ [ 127.085064515752137, 37.545108018894389 ], [ 127.090654148583937, 37.544685848803155 ], [ 127.089053440164804, 37.537898772072559 ], [ 127.08354948969837, 37.536629955680404 ], [ 127.082934489127894, 37.541372289074786 ], [ 127.081279559049833, 37.542155116317943 ], [ 127.082376731526139, 37.544971225515745 ], [ 127.081613618086422, 37.545298645752275 ], [ 127.085064515752137, 37.545108018894389 ] ] ] } },
{ "type": "Feature", "properties": { "adm_cd2": "1121586000", "adm_nm": "서울특별시 광진구 구의2동", "sggnm": "광진구", "shannon_mean": 0.85613771245064274, "n_bldg_sum": 1571, "n_grid": 84 }, "geometry": { "type": "Polygon", "coordinates": [ [ [ 127.104246389703036, 37.559876059466418 ], [ 127.103394918717697, 37.557235620677368 ], [ 127.098691860964777, 37.551988512936624 ], [ 127.097780652047888, 37.545506925537872 ], [ 127.096746545493318, 37.545847039709734 ], [ 127.09317878749944, 37.543694176288703 ], [ 127.090654148583937, 37.544685848803155 ], [ 127.085064515752137, 37.545108018894389 ], [ 127.08568708242899, 37.546140000482538 ], [ 127.085423017968054, 37.548722577505181 ], [ 127.089628311828292, 37.552399059866595 ], [ 127.096139157798675, 37.557186236783018 ], [ 127.099457681569461, 37.558225646119567 ], [ 127.101146079923197, 37.560023363174111 ], [ 127.104246389703036, 37.559876059466418 ] ] ] } },
{ "type": "Feature", "properties": { "adm_cd2": "1121587000", "adm_nm": "서울특별시 광진구 구의3동", "sggnm": "광진구", "shannon_mean": 0.85113691346219478, "n_bldg_sum": 726, "n_grid": 59 }, "geometry": { "type": "Polygon", "coordinates": [ [ [ 127.09317878749944, 37.543694176288703 ], [ 127.103201800662319, 37.53466506706075 ], [ 127.098957171276368, 37.527953652564278 ], [ 127.092250747011079, 37.526786026199801 ], [ 127.091647436290913, 37.5332646317976 ], [ 127.090130353001513, 37.533404203324665 ], [ 127.089053440164804, 37.537898772072559 ], [ 127.090654148583937, 37.544685848803155 ], [ 127.09317878749944, 37.543694176288703 ] ] ] } },
{ "type": "Feature", "properties": { "adm_cd2": "1121581000", "adm_nm": "서울특별시 광진구 광장동", "sggnm": "광진구", "shannon_mean": 0.50536583280149638, "n_bldg_sum": 429, "n_grid": 96 }, "geometry": { "type": "Polygon", "coordinates": [ [ [ 127.113769177183897, 37.558885490922499 ], [ 127.113889395317472, 37.553330367458294 ], [ 127.112071860299253, 37.547545605849237 ], [ 127.103201800662319, 37.53466506706075 ], [ 127.09317878749944, 37.543694176288703 ], [ 127.096746545493318, 37.545847039709734 ], [ 127.097780652047888, 37.545506925537872 ], [ 127.098691860964777, 37.551988512936624 ], [ 127.103394918717697, 37.557235620677368 ], [ 127.104246389703036, 37.559876059466418 ], [ 127.108960386939785, 37.559823690134017 ], [ 127.110022198240841, 37.55845873405385 ], [ 127.113769177183897, 37.558885490922499 ] ] ] } },
{ "type": "Feature", "properties": { "adm_cd2": "1121582000", "adm_nm": "서울특별시 광진구 자양1동", "sggnm": "광진구", "shannon_mean": 0.65712677567853151, "n_bldg_sum": 1446, "n_grid": 58 }, "geometry": { "type": "Polygon", "coordinates": [ [ [ 127.08354948969837, 37.536629955680404 ], [ 127.08534820986074, 37.532464135336497 ], [ 127.083986704222639, 37.531808173508551 ], [ 127.081379382493296, 37.531513850414839 ], [ 127.075660488666173, 37.533204888314657 ], [ 127.077170829003023, 37.53820596198495 ], [ 127.075135387782936, 37.538711429624698 ], [ 127.075264219652809, 37.539326934855197 ], [ 127.079948117751371, 37.539002483009384 ], [ 127.082290361982672, 37.54003782342226 ], [ 127.082934489127894, 37.541372289074786 ], [ 127.08354948969837, 37.536629955680404 ] ] ] } },
{ "type": "Feature", "properties": { "adm_cd2": "1121583000", "adm_nm": "서울특별시 광진구 자양2동", "sggnm": "광진구", "shannon_mean": 0.74434722520442254, "n_bldg_sum": 1226, "n_grid": 70 }, "geometry": { "type": "Polygon", "coordinates": [ [ [ 127.092250747011079, 37.526786026199801 ], [ 127.084285079076324, 37.524420303658211 ], [ 127.072576918841733, 37.523776860800581 ], [ 127.075660488666173, 37.533204888314657 ], [ 127.081379382493296, 37.531513850414839 ], [ 127.083986704222639, 37.531808173508551 ], [ 127.08534820986074, 37.532464135336497 ], [ 127.08354948969837, 37.536629955680404 ], [ 127.089053440164804, 37.537898772072559 ], [ 127.090130353001513, 37.533404203324665 ], [ 127.091647436290913, 37.5332646317976 ], [ 127.092250747011079, 37.526786026199801 ] ] ] } },
{ "type": "Feature", "properties": { "adm_cd2": "1121584000", "adm_nm": "서울특별시 광진구 자양3동", "sggnm": "광진구", "shannon_mean": 0.6049854556159634, "n_bldg_sum": 582, "n_grid": 54 }, "geometry": { "type": "Polygon", "coordinates": [ [ [ 127.075135387782936, 37.538711429624698 ], [ 127.077170829003023, 37.53820596198495 ], [ 127.072576918841733, 37.523776860800581 ], [ 127.065264906169787, 37.525603519889067 ], [ 127.067151005873129, 37.532511415645374 ], [ 127.07055466537831, 37.539831668523711 ], [ 127.075135387782936, 37.538711429624698 ] ] ] } },
{ "type": "Feature", "properties": { "adm_cd2": "1121584700", "adm_nm": "서울특별시 광진구 자양4동", "sggnm": "광진구", "shannon_mean": 0.28635000491795271, "n_bldg_sum": 1811, "n_grid": 65 }, "geometry": { "type": "Polygon", "coordinates": [ [ [ 127.07055466537831, 37.539831668523711 ], [ 127.067151005873129, 37.532511415645374 ], [ 127.065264906169787, 37.525603519889067 ], [ 127.056566563763568, 37.529101172908732 ], [ 127.063943393779851, 37.542150944448245 ], [ 127.07055466537831, 37.539831668523711 ] ] ] } },
{ "type": "Feature", "properties": { "adm_cd2": "1123071000", "adm_nm": "서울특별시 동대문구 회기동", "sggnm": "동대문구", "shannon_mean": 0.26860056618885209, "n_bldg_sum": 699, "n_grid": 43 }, "geometry": { "type": "Polygon", "coordinates": [ [ [ 127.052029941804349, 37.599952682071525 ], [ 127.054601844735032, 37.59573284360998 ], [ 127.055048676018089, 37.593574750021396 ], [ 127.056902665994201, 37.591447671050837 ], [ 127.052825808581687, 37.587278266587809 ], [ 127.048255486720549, 37.588807797703886 ], [ 127.047413462598868, 37.594585575969198 ], [ 127.048158002193802, 37.597556107046898 ], [ 127.050273405968028, 37.601105343070877 ], [ 127.051327384538695, 37.601626501660306 ], [ 127.052029941804349, 37.599952682071525 ] ] ] } },
{ "type": "Feature", "properties": { "adm_cd2": "1123072000", "adm_nm": "서울특별시 동대문구 휘경1동", "sggnm": "동대문구", "shannon_mean": 0.2883786111065581, "n_bldg_sum": 1335, "n_grid": 45 }, "geometry": { "type": "Polygon", "coordinates": [ [ [ 127.069626093865807, 37.594882731311493 ], [ 127.070355002380651, 37.592475392900084 ], [ 127.053275710951411, 37.587808384375158 ], [ 127.057844164995586, 37.592788621111609 ], [ 127.061626527756999, 37.593200448505009 ], [ 127.065123997823576, 37.595321378784284 ], [ 127.069626093865807, 37.594882731311493 ] ] ] } },
{ "type": "Feature", "properties": { "adm_cd2": "1123073000", "adm_nm": "서울특별시 동대문구 휘경2동", "sggnm": "동대문구", "shannon_mean": 0.40475710278407373, "n_bldg_sum": 1179, "n_grid": 70 }, "geometry": { "type": "Polygon", "coordinates": [ [ [ 127.070720079549389, 37.590911779819812 ], [ 127.071625549138915, 37.587947386248494 ], [ 127.077229208717682, 37.580982091848881 ], [ 127.064314619804094, 37.583011666630938 ], [ 127.064417927230565, 37.58461767248042 ], [ 127.062050392921321, 37.585504525531178 ], [ 127.057881843131383, 37.585103661656191 ], [ 127.057731216712156, 37.585913173663307 ], [ 127.05637174218954, 37.586323825365241 ], [ 127.054915833132924, 37.584261021827317 ], [ 127.054949150800539, 37.587820281658786 ], [ 127.070355002380651, 37.592475392900084 ], [ 127.070720079549389, 37.590911779819812 ] ] ] } },
{ "type": "Feature", "properties": { "adm_cd2": "1123070500", "adm_nm": "서울특별시 동대문구 청량리동", "sggnm": "동대문구", "shannon_mean": 0.33439423940516549, "n_bldg_sum": 1207, "n_grid": 76 }, "geometry": { "type": "Polygon", "coordinates": [ [ [ 127.04764739129007, 37.596287635801708 ], [ 127.048255486720549, 37.588807797703886 ], [ 127.052825808581687, 37.587278266587809 ], [ 127.050057934756879, 37.583975579577078 ], [ 127.043470799523533, 37.579767948811714 ], [ 127.043348465396846, 37.581338161899843 ], [ 127.044106475884789, 37.581360249093159 ], [ 127.042400182791113, 37.586730791791837 ], [ 127.040416383304162, 37.586658246059457 ], [ 127.039650911925847, 37.588558159954495 ], [ 127.040584263603847, 37.590557220317343 ], [ 127.039062754121701, 37.591270147215312 ], [ 127.040753802705169, 37.595800296014161 ], [ 127.043517431199419, 37.5969061822234 ], [ 127.04764739129007, 37.596287635801708 ] ] ] } },
{ "type": "Feature", "properties": { "adm_cd2": "1123053600", "adm_nm": "서울특별시 동대문구 용신동", "sggnm": "동대문구", "shannon_mean": 0.21768629788328139, "n_bldg_sum": 2239, "n_grid": 137 }, "geometry": { "type": "Polygon", "coordinates": [ [ [ 127.042505631866462, 37.579346323285712 ], [ 127.044915873719845, 37.577354609142319 ], [ 127.042180463861797, 37.573020962025055 ], [ 127.037927480457654, 37.572898482421905 ], [ 127.030357085425905, 37.569819285656138 ], [ 127.023368123999518, 37.571739854899207 ], [ 127.023167877804156, 37.57804158355124 ], [ 127.029499043423414, 37.582724794175213 ], [ 127.029820633187796, 37.581226457098808 ], [ 127.031631195623447, 37.581349718636957 ], [ 127.032817973511285, 37.57812308820246 ], [ 127.038729758923395, 37.578231964004601 ], [ 127.042505631866462, 37.579346323285712 ] ] ] } },
{ "type": "Feature", "properties": { "adm_cd2": "1123054500", "adm_nm": "서울특별시 동대문구 제기동", "sggnm": "동대문구", "shannon_mean": 0.24722207754189476, "n_bldg_sum": 2372, "n_grid": 108 }, "geometry": { "type": "Polygon", "coordinates": [ [ [ 127.043470799523533, 37.579767948811714 ], [ 127.038729758923395, 37.578231964004601 ], [ 127.032817973511285, 37.57812308820246 ], [ 127.031631195623447, 37.581349718636957 ], [ 127.029820633187796, 37.581226457098808 ], [ 127.029499043423414, 37.582724794175213 ], [ 127.036388675823275, 37.58992339469188 ], [ 127.036488309478472, 37.591245860187172 ], [ 127.039979215379276, 37.591253487433143 ], [ 127.040670460742035, 37.590008861795845 ], [ 127.039650911925847, 37.588558159954495 ], [ 127.040416383304162, 37.586658246059457 ], [ 127.042400182791113, 37.586730791791837 ], [ 127.044106475884789, 37.581360249093159 ], [ 127.043348465396846, 37.581338161899843 ], [ 127.043470799523533, 37.579767948811714 ] ] ] } },
{ "type": "Feature", "properties": { "adm_cd2": "1123056000", "adm_nm": "서울특별시 동대문구 전농1동", "sggnm": "동대문구", "shannon_mean": 0.23602204921001985, "n_bldg_sum": 2345, "n_grid": 91 }, "geometry": { "type": "Polygon", "coordinates": [ [ [ 127.054915833132924, 37.584261021827317 ], [ 127.05357851982231, 37.583451518818777 ], [ 127.057652589734516, 37.57778724125545 ], [ 127.057632379770453, 37.575355674734453 ], [ 127.054227773956157, 37.573575204619104 ], [ 127.048349789084526, 37.574136483443759 ], [ 127.047224633896505, 37.572813951663861 ], [ 127.045522872274077, 37.574023105682407 ], [ 127.044915873719845, 37.577354609142319 ], [ 127.042505631866462, 37.579346323285712 ], [ 127.048961005666598, 37.583106101308921 ], [ 127.053275710951411, 37.587808384375158 ], [ 127.054949150800539, 37.587820281658786 ], [ 127.054915833132924, 37.584261021827317 ] ] ] } },
{ "type": "Feature", "properties": { "adm_cd2": "1123057000", "adm_nm": "서울특별시 동대문구 전농2동", "sggnm": "동대문구", "shannon_mean": 0.24692216012410073, "n_bldg_sum": 640, "n_grid": 56 }, "geometry": { "type": "Polygon", "coordinates": [ [ [ 127.068384547221385, 37.58225260894428 ], [ 127.067010417307031, 37.576599475710623 ], [ 127.057632379770453, 37.575355674734453 ], [ 127.057652589734516, 37.57778724125545 ], [ 127.05357851982231, 37.583451518818777 ], [ 127.055604451926541, 37.58476386289378 ], [ 127.05637174218954, 37.586323825365241 ], [ 127.057731216712156, 37.585913173663307 ], [ 127.057881843131383, 37.585103661656191 ], [ 127.06349264257355, 37.585161385502623 ], [ 127.064417927230565, 37.58461767248042 ], [ 127.064314619804094, 37.583011666630938 ], [ 127.068384547221385, 37.58225260894428 ] ] ] } },
{ "type": "Feature", "properties": { "adm_cd2": "1123061000", "adm_nm": "서울특별시 동대문구 답십리2동", "sggnm": "동대문구", "shannon_mean": 0.3000612082043258, "n_bldg_sum": 1154, "n_grid": 67 }, "geometry": { "type": "Polygon", "coordinates": [ [ [ 127.06631434643819, 37.572760562926788 ], [ 127.06114169745787, 37.565562200160166 ], [ 127.057774600072335, 37.56301909685817 ], [ 127.056837384219875, 37.563766008740927 ], [ 127.057632379770453, 37.575355674734453 ], [ 127.067010417307031, 37.576599475710623 ], [ 127.06631434643819, 37.572760562926788 ] ] ] } },
{ "type": "Feature", "properties": { "adm_cd2": "1123065000", "adm_nm": "서울특별시 동대문구 장안1동", "sggnm": "동대문구", "shannon_mean": 0.58154170555470919, "n_bldg_sum": 1170, "n_grid": 103 }, "geometry": { "type": "Polygon", "coordinates": [ [ [ 127.078575959842297, 37.57186080820366 ], [ 127.072101661505073, 37.560045607394621 ], [ 127.057774600072335, 37.56301909685817 ], [ 127.06114169745787, 37.565562200160166 ], [ 127.06631434643819, 37.572760562926788 ], [ 127.070944530410515, 37.572404548861279 ], [ 127.07141368765447, 37.571803476749473 ], [ 127.068780162255564, 37.567690005734427 ], [ 127.072440929644131, 37.567793942148562 ], [ 127.074447280122399, 37.572158090521327 ], [ 127.078575959842297, 37.57186080820366 ] ] ] } },
{ "type": "Feature", "properties": { "adm_cd2": "1123066000", "adm_nm": "서울특별시 동대문구 장안2동", "sggnm": "동대문구", "shannon_mean": 0.46576333228392663, "n_bldg_sum": 1148, "n_grid": 90 }, "geometry": { "type": "Polygon", "coordinates": [ [ [ 127.077229208717682, 37.580982091848881 ], [ 127.078575959842297, 37.57186080820366 ], [ 127.074447280122399, 37.572158090521327 ], [ 127.072440929644131, 37.567793942148562 ], [ 127.068780162255564, 37.567690005734427 ], [ 127.07141368765447, 37.571803476749473 ], [ 127.070944530410515, 37.572404548861279 ], [ 127.06631434643819, 37.572760562926788 ], [ 127.068384547221385, 37.58225260894428 ], [ 127.077229208717682, 37.580982091848881 ] ] ] } },
{ "type": "Feature", "properties": { "adm_cd2": "1123074000", "adm_nm": "서울특별시 동대문구 이문1동", "sggnm": "동대문구", "shannon_mean": 0.37042071658285081, "n_bldg_sum": 2974, "n_grid": 83 }, "geometry": { "type": "Polygon", "coordinates": [ [ [ 127.069829674650933, 37.597748634987781 ], [ 127.069626093865807, 37.594882731311493 ], [ 127.065123997823576, 37.595321378784284 ], [ 127.061626527756999, 37.593200448505009 ], [ 127.057844164995586, 37.592788621111609 ], [ 127.056902665994201, 37.591447671050837 ], [ 127.055048676018089, 37.593574750021396 ], [ 127.054601844735032, 37.59573284360998 ], [ 127.052029941804349, 37.599952682071525 ], [ 127.060045633462124, 37.602099854517519 ], [ 127.060773362109089, 37.603569502625056 ], [ 127.061983831221468, 37.600257033720496 ], [ 127.069829674650933, 37.597748634987781 ] ] ] } },
{ "type": "Feature", "properties": { "adm_cd2": "1123075000", "adm_nm": "서울특별시 동대문구 이문2동", "sggnm": "동대문구", "shannon_mean": 0.18765396239594073, "n_bldg_sum": 1457, "n_grid": 52 }, "geometry": { "type": "Polygon", "coordinates": [ [ [ 127.071717760320283, 37.606811751554389 ], [ 127.072653497569732, 37.601679735713347 ], [ 127.069829674650933, 37.597748634987781 ], [ 127.061983831221468, 37.600257033720496 ], [ 127.060773362109089, 37.603569502625056 ], [ 127.062334595500346, 37.605281104170217 ], [ 127.068734389876994, 37.606871138672446 ], [ 127.068588265738725, 37.609322465436193 ], [ 127.071717760320283, 37.606811751554389 ] ] ] } },
{ "type": "Feature", "properties": { "adm_cd2": "1123060000", "adm_nm": "서울특별시 동대문구 답십리1동", "sggnm": "동대문구", "shannon_mean": 0.14564437898955826, "n_bldg_sum": 1298, "n_grid": 70 }, "geometry": { "type": "Polygon", "coordinates": [ [ [ 127.057632379770453, 37.575355674734453 ], [ 127.056837384219875, 37.563766008740927 ], [ 127.048657258752215, 37.569866394619694 ], [ 127.042180463861797, 37.573020962025055 ], [ 127.044915873719845, 37.577354609142319 ], [ 127.045522872274077, 37.574023105682407 ], [ 127.047224633896505, 37.572813951663861 ], [ 127.048349789084526, 37.574136483443759 ], [ 127.054227773956157, 37.573575204619104 ], [ 127.057632379770453, 37.575355674734453 ] ] ] } },
{ "type": "Feature", "properties": { "adm_cd2": "1126052000", "adm_nm": "서울특별시 중랑구 면목2동", "sggnm": "중랑구", "shannon_mean": 0.39644410070315794, "n_bldg_sum": 1671, "n_grid": 68 }, "geometry": { "type": "Polygon", "coordinates": [ [ [ 127.086768250143678, 37.592766128873073 ], [ 127.084086078108015, 37.587612259725788 ], [ 127.073675599500504, 37.585354422524226 ], [ 127.071625549138915, 37.587947386248494 ], [ 127.070720079549389, 37.590911779819812 ], [ 127.078653752698415, 37.592965006094801 ], [ 127.080122200358133, 37.591564149652058 ], [ 127.086768250143678, 37.592766128873073 ] ] ] } },
{ "type": "Feature", "properties": { "adm_cd2": "1126054000", "adm_nm": "서울특별시 중랑구 면목4동", "sggnm": "중랑구", "shannon_mean": 0.40028185398669253, "n_bldg_sum": 1240, "n_grid": 51 }, "geometry": { "type": "Polygon", "coordinates": [ [ [ 127.095751117705007, 37.571103561677738 ], [ 127.090720998950218, 37.569578056076047 ], [ 127.088395831706109, 37.570075863866442 ], [ 127.088160113549577, 37.570818477855127 ], [ 127.078575959842297, 37.57186080820366 ], [ 127.078318178722412, 37.576783506488979 ], [ 127.079610100610651, 37.577384132008326 ], [ 127.080676667334089, 37.576371551197283 ], [ 127.088764343665574, 37.576994995814779 ], [ 127.095751117705007, 37.571103561677738 ] ] ] } },
{ "type": "Feature", "properties": { "adm_cd2": "1126055000", "adm_nm": "서울특별시 중랑구 면목5동", "sggnm": "중랑구", "shannon_mean": 0.50478395355747652, "n_bldg_sum": 973, "n_grid": 41 }, "geometry": { "type": "Polygon", "coordinates": [ [ [ 127.083529653944751, 37.584435335987529 ], [ 127.083390123039479, 37.581147141307433 ], [ 127.078318178722412, 37.576783506488979 ], [ 127.077229208717682, 37.580982091848881 ], [ 127.073675599500504, 37.585354422524226 ], [ 127.084086078108015, 37.587612259725788 ], [ 127.083529653944751, 37.584435335987529 ] ] ] } },
{ "type": "Feature", "properties": { "adm_cd2": "1126057000", "adm_nm": "서울특별시 중랑구 면목7동", "sggnm": "중랑구", "shannon_mean": 0.40394826931192429, "n_bldg_sum": 1614, "n_grid": 60 }, "geometry": { "type": "Polygon", "coordinates": [ [ [ 127.102678231876013, 37.57891294732714 ], [ 127.100930211180881, 37.573559795823115 ], [ 127.095751117705007, 37.571103561677738 ], [ 127.088764343665574, 37.576994995814779 ], [ 127.080676667334089, 37.576371551197283 ], [ 127.079610100610651, 37.577384132008326 ], [ 127.083390123039479, 37.581147141307433 ], [ 127.094984142609889, 37.580743577663839 ], [ 127.102678231876013, 37.57891294732714 ] ] ] } },
{ "type": "Feature", "properties": { "adm_cd2": "1126058000", "adm_nm": "서울특별시 중랑구 상봉1동", "sggnm": "중랑구", "shannon_mean": 0.55734537334060363, "n_bldg_sum": 798, "n_grid": 54 }, "geometry": { "type": "Polygon", "coordinates": [ [ [ 127.09580189362444, 37.600613209580324 ], [ 127.095519207584402, 37.599463011087771 ], [ 127.092788933913667, 37.598163660731366 ], [ 127.08028140672144, 37.594999997548243 ], [ 127.080326115998872, 37.595872205910368 ], [ 127.083096761864198, 37.596432949299782 ], [ 127.086529826819358, 37.600659944808982 ], [ 127.087091499663728, 37.604212081848388 ], [ 127.086497762917901, 37.609382478039613 ], [ 127.087960078171889, 37.609900346576481 ], [ 127.091269919730749, 37.607263175642522 ], [ 127.093633606098052, 37.604952485161633 ], [ 127.0942874177249, 37.602428715319043 ], [ 127.09580189362444, 37.600613209580324 ] ] ] } },
{ "type": "Feature", "properties": { "adm_cd2": "1126059000", "adm_nm": "서울특별시 중랑구 상봉2동", "sggnm": "중랑구", "shannon_mean": 0.4549051976770605, "n_bldg_sum": 1266, "n_grid": 58 }, "geometry": { "type": "Polygon", "coordinates": [ [ [ 127.093198973558614, 37.594146120350949 ], [ 127.080122200358133, 37.591564149652058 ], [ 127.078653752698415, 37.592965006094801 ], [ 127.070720079549389, 37.590911779819812 ], [ 127.070355002380651, 37.592475392900084 ], [ 127.092788933913667, 37.598163660731366 ], [ 127.093198973558614, 37.594146120350949 ] ] ] } },
{ "type": "Feature", "properties": { "adm_cd2": "1126060000", "adm_nm": "서울특별시 중랑구 중화1동", "sggnm": "중랑구", "shannon_mean": 0.69864778483094148, "n_bldg_sum": 1025, "n_grid": 53 }, "geometry": { "type": "Polygon", "coordinates": [ [ [ 127.080326115998872, 37.595872205910368 ], [ 127.078735391960308, 37.605372307072507 ], [ 127.083250277548743, 37.606609676321092 ], [ 127.086497762917901, 37.609382478039613 ], [ 127.087091499663728, 37.604212081848388 ], [ 127.086529826819358, 37.600659944808982 ], [ 127.083096761864198, 37.596432949299782 ], [ 127.080326115998872, 37.595872205910368 ] ] ] } },
{ "type": "Feature", "properties": { "adm_cd2": "1126061000", "adm_nm": "서울특별시 중랑구 중화2동", "sggnm": "중랑구", "shannon_mean": 0.32664589292399082, "n_bldg_sum": 2535, "n_grid": 80 }, "geometry": { "type": "Polygon", "coordinates": [ [ [ 127.080326115998872, 37.595872205910368 ], [ 127.08028140672144, 37.594999997548243 ], [ 127.070355002380651, 37.592475392900084 ], [ 127.069829674650933, 37.597748634987781 ], [ 127.072464283097744, 37.601111571926751 ], [ 127.072316513899764, 37.60465633791906 ], [ 127.078735391960308, 37.605372307072507 ], [ 127.080326115998872, 37.595872205910368 ] ] ] } },
{ "type": "Feature", "properties": { "adm_cd2": "1126062000", "adm_nm": "서울특별시 중랑구 묵1동", "sggnm": "중랑구", "shannon_mean": 0.74185901329509762, "n_bldg_sum": 1238, "n_grid": 89 }, "geometry": { "type": "Polygon", "coordinates": [ [ [ 127.08954300367121, 37.619643666786793 ], [ 127.09049397699205, 37.617490580770891 ], [ 127.08876189592327, 37.61500869899259 ], [ 127.08587627755827, 37.614886341792129 ], [ 127.084762203605607, 37.611678304899733 ], [ 127.085979015822133, 37.609362720720902 ], [ 127.085650174622458, 37.608622491623265 ], [ 127.083250277548743, 37.606609676321092 ], [ 127.078735391960308, 37.605372307072507 ], [ 127.075849236173596, 37.617078307374292 ], [ 127.0857277524712, 37.62016784234585 ], [ 127.08954300367121, 37.619643666786793 ] ] ] } },
{ "type": "Feature", "properties": { "adm_cd2": "1126063000", "adm_nm": "서울특별시 중랑구 묵2동", "sggnm": "중랑구", "shannon_mean": 0.52683734545777439, "n_bldg_sum": 1184, "n_grid": 53 }, "geometry": { "type": "Polygon", "coordinates": [ [ [ 127.078735391960308, 37.605372307072507 ], [ 127.072316513899764, 37.60465633791906 ], [ 127.071403137148351, 37.615627975297905 ], [ 127.075849236173596, 37.617078307374292 ], [ 127.078735391960308, 37.605372307072507 ] ] ] } },
{ "type": "Feature", "properties": { "adm_cd2": "1126066000", "adm_nm": "서울특별시 중랑구 망우3동", "sggnm": "중랑구", "shannon_mean": 0.4254452623808524, "n_bldg_sum": 1534, "n_grid": 51 }, "geometry": { "type": "Polygon", "coordinates": [ [ [ 127.112399760682607, 37.591863780933949 ], [ 127.110143338740357, 37.587416193390077 ], [ 127.108175168229863, 37.588267038404524 ], [ 127.104924576016458, 37.588096213908756 ], [ 127.097390980275847, 37.590569398786407 ], [ 127.093625687748656, 37.589745737290066 ], [ 127.093198973558614, 37.594146120350949 ], [ 127.10008861634401, 37.595640038105714 ], [ 127.100870377816221, 37.594713107727308 ], [ 127.108082813916013, 37.594547909713711 ], [ 127.112399760682607, 37.591863780933949 ] ] ] } },
{ "type": "Feature", "properties": { "adm_cd2": "1126068000", "adm_nm": "서울특별시 중랑구 신내1동", "sggnm": "중랑구", "shannon_mean": 0.39286325439169956, "n_bldg_sum": 673, "n_grid": 99 }, "geometry": { "type": "Polygon", "coordinates": [ [ [ 127.115674587011469, 37.619294601124878 ], [ 127.11696815201357, 37.617430772963118 ], [ 127.117586687054285, 37.611706990613833 ], [ 127.116615090792834, 37.608821897860281 ], [ 127.113117094647194, 37.609477369110266 ], [ 127.109397940819889, 37.612065495388705 ], [ 127.101344590499266, 37.613203548854884 ], [ 127.101098471085493, 37.609299906582095 ], [ 127.103275635212881, 37.609735378819771 ], [ 127.1037997135208, 37.608787217112258 ], [ 127.103189631685964, 37.605930288792365 ], [ 127.100465288732579, 37.600546809184777 ], [ 127.095519207584402, 37.599463011087771 ], [ 127.09661273430784, 37.600976506610792 ], [ 127.095141875813695, 37.607554668073512 ], [ 127.096398131348749, 37.611995837444219 ], [ 127.095876882396311, 37.615085436516658 ], [ 127.09049397699205, 37.617490580770891 ], [ 127.08954300367121, 37.619643666786793 ], [ 127.097041795792705, 37.6170499009935 ], [ 127.101507534022957, 37.619803061004433 ], [ 127.105710367142819, 37.6208334323481 ], [ 127.110851696806677, 37.62077727645071 ], [ 127.115674587011469, 37.619294601124878 ] ] ] } },
{ "type": "Feature", "properties": { "adm_cd2": "1126069000", "adm_nm": "서울특별시 중랑구 신내2동", "sggnm": "중랑구", "shannon_mean": 0.25188358364999053, "n_bldg_sum": 109, "n_grid": 46 }, "geometry": { "type": "Polygon", "coordinates": [ [ [ 127.09580189362444, 37.600613209580324 ], [ 127.0942874177249, 37.602428715319043 ], [ 127.093633606098052, 37.604952485161633 ], [ 127.087960078171889, 37.609900346576481 ], [ 127.085979015822133, 37.609362720720902 ], [ 127.084769971922185, 37.611526235927343 ], [ 127.08587627755827, 37.614886341792129 ], [ 127.08876189592327, 37.61500869899259 ], [ 127.09049397699205, 37.617490580770891 ], [ 127.095876882396311, 37.615085436516658 ], [ 127.096398131348749, 37.611995837444219 ], [ 127.095141875813695, 37.607554668073512 ], [ 127.09661273430784, 37.600976506610792 ], [ 127.09580189362444, 37.600613209580324 ] ] ] } },
{ "type": "Feature", "properties": { "adm_cd2": "1126056500", "adm_nm": "서울특별시 중랑구 면목본동", "sggnm": "중랑구", "shannon_mean": 0.46824927117753856, "n_bldg_sum": 2845, "n_grid": 82 }, "geometry": { "type": "Polygon", "coordinates": [ [ [ 127.093625687748656, 37.589745737290066 ], [ 127.094881107950954, 37.585908055033684 ], [ 127.09369828860811, 37.583692190108515 ], [ 127.083529653944751, 37.584435335987529 ], [ 127.084086078108015, 37.587612259725788 ], [ 127.086768250143678, 37.592766128873073 ], [ 127.093198973558614, 37.594146120350949 ], [ 127.093625687748656, 37.589745737290066 ] ] ] } },
{ "type": "Feature", "properties": { "adm_cd2": "1126057500", "adm_nm": "서울특별시 중랑구 면목3·8동", "sggnm": "중랑구", "shannon_mean": 0.35703431045602746, "n_bldg_sum": 1983, "n_grid": 72 }, "geometry": { "type": "Polygon", "coordinates": [ [ [ 127.110143338740357, 37.587416193390077 ], [ 127.109328091225422, 37.584664340290161 ], [ 127.102665586138102, 37.584104673555011 ], [ 127.099750485889274, 37.58305151357613 ], [ 127.102768639632586, 37.58176264040079 ], [ 127.102678231876013, 37.57891294732714 ], [ 127.094984142609889, 37.580743577663839 ], [ 127.083390123039479, 37.581147141307433 ], [ 127.083529653944751, 37.584435335987529 ], [ 127.09369828860811, 37.583692190108515 ], [ 127.094881107950954, 37.585908055033684 ], [ 127.093625687748656, 37.589745737290066 ], [ 127.097390980275847, 37.590569398786407 ], [ 127.104924576016458, 37.588096213908756 ], [ 127.108175168229863, 37.588267038404524 ], [ 127.110143338740357, 37.587416193390077 ] ] ] } },
{ "type": "Feature", "properties": { "adm_cd2": "1126065500", "adm_nm": "서울특별시 중랑구 망우본동", "sggnm": "중랑구", "shannon_mean": 0.37734097767363078, "n_bldg_sum": 2030, "n_grid": 128 }, "geometry": { "type": "Polygon", "coordinates": [ [ [ 127.116615090792834, 37.608821897860281 ], [ 127.118317167689725, 37.607613871250969 ], [ 127.118011214671341, 37.604577600244468 ], [ 127.113831922295049, 37.599963685482244 ], [ 127.118365647126552, 37.595015524601116 ], [ 127.117823836340534, 37.59400532907511 ], [ 127.113905755719131, 37.593342787267751 ], [ 127.112399760682607, 37.591863780933949 ], [ 127.108082813916013, 37.594547909713711 ], [ 127.100870377816221, 37.594713107727308 ], [ 127.10008861634401, 37.595640038105714 ], [ 127.093198973558614, 37.594146120350949 ], [ 127.092788933913667, 37.598163660731366 ], [ 127.100465288732579, 37.600546809184777 ], [ 127.103189631685964, 37.605930288792365 ], [ 127.1037997135208, 37.608787217112258 ], [ 127.103275635212881, 37.609735378819771 ], [ 127.101098471085493, 37.609299906582095 ], [ 127.101344590499266, 37.613203548854884 ], [ 127.109397940819889, 37.612065495388705 ], [ 127.113117094647194, 37.609477369110266 ], [ 127.116615090792834, 37.608821897860281 ] ] ] } },
{ "type": "Feature", "properties": { "adm_cd2": "1129058000", "adm_nm": "서울특별시 성북구 돈암1동", "sggnm": "성북구", "shannon_mean": 0.53841658362592004, "n_bldg_sum": 269, "n_grid": 30 }, "geometry": { "type": "Polygon", "coordinates": [ [ [ 127.024993238910881, 37.594129139213727 ], [ 127.022569051095914, 37.595638823219502 ], [ 127.021971003583289, 37.596981997106965 ], [ 127.019722515075188, 37.597288355273236 ], [ 127.018783144831858, 37.598476537689045 ], [ 127.021639329833377, 37.601566235882913 ], [ 127.030219725374621, 37.603998275772483 ], [ 127.026782152420665, 37.600202497382206 ], [ 127.024993238910881, 37.594129139213727 ] ] ] } },
{ "type": "Feature", "properties": { "adm_cd2": "1129059000", "adm_nm": "서울특별시 성북구 돈암2동", "sggnm": "성북구", "shannon_mean": 0.73608742095199642, "n_bldg_sum": 226, "n_grid": 46 }, "geometry": { "type": "Polygon", "coordinates": [ [ [ 127.014081575950939, 37.600813160636946 ], [ 127.018783144831858, 37.598476537689045 ], [ 127.019722515075188, 37.597288355273236 ], [ 127.016151865474129, 37.596881668758257 ], [ 127.015056462605088, 37.598411358632383 ], [ 127.012887128005772, 37.598205609660269 ], [ 127.013423347270887, 37.595231132913163 ], [ 127.009531179565002, 37.59206377620859 ], [ 127.007488657035509, 37.591631562623043 ], [ 127.008419138133291, 37.594609877227867 ], [ 127.005733557627423, 37.597639568266722 ], [ 127.006723925998656, 37.598730961148647 ], [ 127.011297587299751, 37.599729067470655 ], [ 127.011341276232088, 37.600843533485047 ], [ 127.012610878526431, 37.601914621173265 ], [ 127.014081575950939, 37.600813160636946 ] ] ] } },
{ "type": "Feature", "properties": { "adm_cd2": "1129060000", "adm_nm": "서울특별시 성북구 안암동", "sggnm": "성북구", "shannon_mean": 0.35374371122001763, "n_bldg_sum": 1083, "n_grid": 75 }, "geometry": { "type": "Polygon", "coordinates": [ [ [ 127.036488309478472, 37.591245860187172 ], [ 127.036388675823275, 37.58992339469188 ], [ 127.029499043423414, 37.582724794175213 ], [ 127.02447232461752, 37.57919734416113 ], [ 127.021918200464725, 37.58298953019839 ], [ 127.020140421355137, 37.587560024708395 ], [ 127.018775526473732, 37.588674435971242 ], [ 127.019661330181194, 37.589406961660174 ], [ 127.022113619233821, 37.58907327628792 ], [ 127.024993238910881, 37.594129139213727 ], [ 127.030261041239257, 37.591249877005467 ], [ 127.032030050946531, 37.591145543761179 ], [ 127.035540514724801, 37.592551986888573 ], [ 127.036488309478472, 37.591245860187172 ] ] ] } },
{ "type": "Feature", "properties": { "adm_cd2": "1129061000", "adm_nm": "서울특별시 성북구 보문동", "sggnm": "성북구", "shannon_mean": 0.37373830961881721, "n_bldg_sum": 1074, "n_grid": 57 }, "geometry": { "type": "Polygon", "coordinates": [ [ [ 127.02447232461752, 37.57919734416113 ], [ 127.023167877804156, 37.57804158355124 ], [ 127.018751663657071, 37.577526900275195 ], [ 127.016786332087264, 37.58153662148743 ], [ 127.014685884830357, 37.582226547406293 ], [ 127.014685709425351, 37.584544131427855 ], [ 127.018775526473732, 37.588674435971242 ], [ 127.020140421355137, 37.587560024708395 ], [ 127.021918200464725, 37.58298953019839 ], [ 127.02447232461752, 37.57919734416113 ] ] ] } },
{ "type": "Feature", "properties": { "adm_cd2": "1129062000", "adm_nm": "서울특별시 성북구 정릉1동", "sggnm": "성북구", "shannon_mean": 0.52758931567396483, "n_bldg_sum": 603, "n_grid": 38 }, "geometry": { "type": "Polygon", "coordinates": [ [ [ 127.021639329833377, 37.601566235882913 ], [ 127.018783144831858, 37.598476537689045 ], [ 127.013924715598577, 37.600677979362501 ], [ 127.013311768194541, 37.603356281664652 ], [ 127.015842601487705, 37.607677360483237 ], [ 127.015429547876394, 37.609458068485864 ], [ 127.013415767298824, 37.611614128444259 ], [ 127.014432729291954, 37.613571909215075 ], [ 127.017772206070433, 37.603835402932027 ], [ 127.021639329833377, 37.601566235882913 ] ] ] } },
{ "type": "Feature", "properties": { "adm_cd2": "1129063000", "adm_nm": "서울특별시 성북구 정릉2동", "sggnm": "성북구", "shannon_mean": 0.78921225582517573, "n_bldg_sum": 1306, "n_grid": 78 }, "geometry": { "type": "Polygon", "coordinates": [ [ [ 127.014081575950939, 37.600813160636946 ], [ 127.012473163754493, 37.601861098486467 ], [ 127.011297587299751, 37.599729067470655 ], [ 127.006723925998656, 37.598730961148647 ], [ 127.005733557627423, 37.597639568266722 ], [ 127.005920466354141, 37.596675913691648 ], [ 127.004700527716409, 37.59676892968124 ], [ 127.00293906047429, 37.597956823340056 ], [ 127.000943569491781, 37.601500818856145 ], [ 126.999559285918252, 37.601607725014453 ], [ 126.999068086734738, 37.603276403133556 ], [ 127.004602627671062, 37.604821275401129 ], [ 127.003525785730744, 37.607897715418858 ], [ 127.004189738993929, 37.608681293752454 ], [ 127.007961926608587, 37.60598404419698 ], [ 127.009351321752987, 37.606157703727462 ], [ 127.00899869123883, 37.608660840385575 ], [ 127.011581426120117, 37.608409696466971 ], [ 127.011975915632618, 37.610277137854737 ], [ 127.013415767298824, 37.611614128444259 ], [ 127.015429547876394, 37.609458068485864 ], [ 127.015842601487705, 37.607677360483237 ], [ 127.013311768194541, 37.603356281664652 ], [ 127.014081575950939, 37.600813160636946 ] ] ] } },
{ "type": "Feature", "properties": { "adm_cd2": "1129064000", "adm_nm": "서울특별시 성북구 정릉3동", "sggnm": "성북구", "shannon_mean": 0.38283007214785658, "n_bldg_sum": 1592, "n_grid": 114 }, "geometry": { "type": "Polygon", "coordinates": [ [ [ 127.00899869123883, 37.608660840385575 ], [ 127.009351321752987, 37.606157703727462 ], [ 127.007961926608587, 37.60598404419698 ], [ 127.004189738993929, 37.608681293752454 ], [ 127.003525785730744, 37.607897715418858 ], [ 127.004602627671062, 37.604821275401129 ], [ 126.999068086734738, 37.603276403133556 ], [ 126.999559285918252, 37.601607725014453 ], [ 126.99392546573192, 37.602748584911616 ], [ 126.989470471155187, 37.602526594580475 ], [ 126.98774119171668, 37.601215535765455 ], [ 126.985900603669165, 37.607136114327638 ], [ 126.98706809277698, 37.613551971371933 ], [ 126.986697032730532, 37.614683792837319 ], [ 126.982805874650765, 37.616693689158097 ], [ 126.981373613794588, 37.621733775227163 ], [ 126.979208688558828, 37.624571211532476 ], [ 126.979666457204289, 37.627974785251027 ], [ 126.981202990181458, 37.628348844508423 ], [ 126.985607164394196, 37.623625962356037 ], [ 126.993526696347502, 37.618118112253043 ], [ 126.992634677435603, 37.617029292750146 ], [ 126.994302930290942, 37.613301526129078 ], [ 126.995456492976217, 37.61341011800198 ], [ 126.999708653226364, 37.616631359462616 ], [ 127.002918308100078, 37.616290020885153 ], [ 127.005755038279474, 37.615259761530659 ], [ 127.007999497570523, 37.612212402371448 ], [ 127.00899869123883, 37.608660840385575 ] ] ] } },
{ "type": "Feature", "properties": { "adm_cd2": "1129065000", "adm_nm": "서울특별시 성북구 정릉4동", "sggnm": "성북구", "shannon_mean": 0.88367586054360503, "n_bldg_sum": 872, "n_grid": 84 }, "geometry": { "type": "Polygon", "coordinates": [ [ [ 126.993194309137095, 37.632027717592401 ], [ 126.994101819288645, 37.629919102267451 ], [ 126.998935940815855, 37.626878560602258 ], [ 127.004501459264432, 37.624438046883746 ], [ 127.007875676624181, 37.623909093174028 ], [ 127.007505920465391, 37.621016504456904 ], [ 127.008493689156055, 37.618574612104929 ], [ 127.011470230202676, 37.616419250198582 ], [ 127.014941184136589, 37.615418433841562 ], [ 127.015253140518524, 37.614807873006512 ], [ 127.011975915632618, 37.610277137854737 ], [ 127.011581426120117, 37.608409696466971 ], [ 127.00899869123883, 37.608660840385575 ], [ 127.007999497570523, 37.612212402371448 ], [ 127.005755038279474, 37.615259761530659 ], [ 127.002918308100078, 37.616290020885153 ], [ 126.999708653226364, 37.616631359462616 ], [ 126.995456492976217, 37.61341011800198 ], [ 126.994302930290942, 37.613301526129078 ], [ 126.992634677435603, 37.617029292750146 ], [ 126.993526696347502, 37.618118112253043 ], [ 126.985607164394196, 37.623625962356037 ], [ 126.981202990181458, 37.628348844508423 ], [ 126.98013297406834, 37.628351086889303 ], [ 126.98050819494199, 37.629054464968306 ], [ 126.976672061335123, 37.628844852765404 ], [ 126.97648554431467, 37.630088997334461 ], [ 126.975074667880861, 37.631386286512992 ], [ 126.978535129796754, 37.633849886457618 ], [ 126.984625388282126, 37.63656487056025 ], [ 126.986055959154669, 37.635195450555173 ], [ 126.993194309137095, 37.632027717592401 ] ] ] } },
{ "type": "Feature", "properties": { "adm_cd2": "1129066000", "adm_nm": "서울특별시 성북구 길음1동", "sggnm": "성북구", "shannon_mean": 0.46053816391403657, "n_bldg_sum": 344, "n_grid": 75 }, "geometry": { "type": "Polygon", "coordinates": [ [ [ 127.022029546513892, 37.612287029231297 ], [ 127.024215975402925, 37.605559460879753 ], [ 127.025966628107255, 37.603178913676025 ], [ 127.021639329833377, 37.601566235882913 ], [ 127.017772206070433, 37.603835402932027 ], [ 127.014432729291954, 37.613571909215075 ], [ 127.015253140518524, 37.614807873006512 ], [ 127.016310964692281, 37.614960982627203 ], [ 127.022029546513892, 37.612287029231297 ] ] ] } },
{ "type": "Feature", "properties": { "adm_cd2": "1129068500", "adm_nm": "서울특별시 성북구 길음2동", "sggnm": "성북구", "shannon_mean": 0.24379163532530274, "n_bldg_sum": 577, "n_grid": 49 }, "geometry": { "type": "Polygon", "coordinates": [ [ [ 127.029982615937911, 37.612341807273275 ], [ 127.03217535563617, 37.603455071169698 ], [ 127.030219725374621, 37.603998275772483 ], [ 127.025966628107255, 37.603178913676025 ], [ 127.024215975402925, 37.605559460879753 ], [ 127.022234980567774, 37.611269246091652 ], [ 127.027222806167146, 37.612563700402099 ], [ 127.029982615937911, 37.612341807273275 ] ] ] } },
{ "type": "Feature", "properties": { "adm_cd2": "1129071500", "adm_nm": "서울특별시 성북구 월곡1동", "sggnm": "성북구", "shannon_mean": 0.29331121901284068, "n_bldg_sum": 1081, "n_grid": 63 }, "geometry": { "type": "Polygon", "coordinates": [ [ [ 127.043598670337033, 37.611427101783789 ], [ 127.042418288767351, 37.607594115437756 ], [ 127.038623552585364, 37.605301196829402 ], [ 127.036876800846869, 37.60598723992247 ], [ 127.038522597615767, 37.60249427617353 ], [ 127.03217535563617, 37.603455071169698 ], [ 127.030411148761345, 37.609138900260547 ], [ 127.037103402058861, 37.612711037864592 ], [ 127.040515448826355, 37.611072663201092 ], [ 127.043598670337033, 37.611427101783789 ] ] ] } },
{ "type": "Feature", "properties": { "adm_cd2": "1129072500", "adm_nm": "서울특별시 성북구 월곡2동", "sggnm": "성북구", "shannon_mean": 0.33529732402861612, "n_bldg_sum": 1289, "n_grid": 73 }, "geometry": { "type": "Polygon", "coordinates": [ [ [ 127.045435735616351, 37.611287752132149 ], [ 127.045444384237854, 37.609511022222776 ], [ 127.047360979287149, 37.607832877950358 ], [ 127.051575837495193, 37.609949277898039 ], [ 127.052418157648958, 37.609126439045333 ], [ 127.050567705848536, 37.606854783001779 ], [ 127.052159143015032, 37.604731409165495 ], [ 127.052238913783157, 37.602858990066714 ], [ 127.050273405968028, 37.601105343070877 ], [ 127.04764739129007, 37.596287635801708 ], [ 127.043517431199419, 37.5969061822234 ], [ 127.040753802705169, 37.595800296014161 ], [ 127.040581801724699, 37.600284972188241 ], [ 127.037625302812344, 37.603333487754973 ], [ 127.036876800846869, 37.60598723992247 ], [ 127.038623552585364, 37.605301196829402 ], [ 127.040401983505774, 37.606152017580186 ], [ 127.042418288767351, 37.607594115437756 ], [ 127.043598670337033, 37.611427101783789 ], [ 127.044547808183069, 37.610727378317272 ], [ 127.045435735616351, 37.611287752132149 ] ] ] } },
{ "type": "Feature", "properties": { "adm_cd2": "1129076000", "adm_nm": "서울특별시 성북구 장위1동", "sggnm": "성북구", "shannon_mean": 0.68676281529712546, "n_bldg_sum": 1904, "n_grid": 64 }, "geometry": { "type": "Polygon", "coordinates": [ [ [ 127.050385347247499, 37.617469634457969 ], [ 127.048463403649606, 37.615905240834152 ], [ 127.048894083795446, 37.612605724779932 ], [ 127.047542213564995, 37.611642782102038 ], [ 127.044547808183069, 37.610727378317272 ], [ 127.043598670337033, 37.611427101783789 ], [ 127.040883969272841, 37.61102565035484 ], [ 127.037103402058861, 37.612711037864592 ], [ 127.039118560646486, 37.616308518336702 ], [ 127.040194408074157, 37.615945417762276 ], [ 127.044729001637307, 37.619549152876175 ], [ 127.046730407062057, 37.618366019240504 ], [ 127.049332407199586, 37.620460299949372 ], [ 127.050385347247499, 37.617469634457969 ] ] ] } },
{ "type": "Feature", "properties": { "adm_cd2": "1129077000", "adm_nm": "서울특별시 성북구 장위2동", "sggnm": "성북구", "shannon_mean": 0.43109334126186688, "n_bldg_sum": 1445, "n_grid": 54 }, "geometry": { "type": "Polygon", "coordinates": [ [ [ 127.060668050492424, 37.612799969114334 ], [ 127.051769404451434, 37.608105523227643 ], [ 127.052418157648958, 37.609126439045333 ], [ 127.051575837495193, 37.609949277898039 ], [ 127.048044725784251, 37.607854652004754 ], [ 127.045381709180461, 37.609686542599569 ], [ 127.045435735616351, 37.611287752132149 ], [ 127.048843551450261, 37.612401251392825 ], [ 127.048401132817446, 37.61577530848141 ], [ 127.050385347247499, 37.617469634457969 ], [ 127.055039447365459, 37.615217034370794 ], [ 127.058224904281303, 37.612331186102303 ], [ 127.060668050492424, 37.612799969114334 ] ] ] } },
{ "type": "Feature", "properties": { "adm_cd2": "1129078000", "adm_nm": "서울특별시 성북구 장위3동", "sggnm": "성북구", "shannon_mean": 0.29800474546338074, "n_bldg_sum": 971, "n_grid": 50 }, "geometry": { "type": "Polygon", "coordinates": [ [ [ 127.0628925772738, 37.614343915584001 ], [ 127.060668050492424, 37.612799969114334 ], [ 127.058224904281303, 37.612331186102303 ], [ 127.055039447365459, 37.615217034370794 ], [ 127.050385347247499, 37.617469634457969 ], [ 127.049332407199586, 37.620460299949372 ], [ 127.046730407062057, 37.618366019240504 ], [ 127.044729001637307, 37.619549152876175 ], [ 127.047923910786579, 37.623221255110579 ], [ 127.049986249782734, 37.624430946272589 ], [ 127.05420819236393, 37.620174655173912 ], [ 127.060911108332974, 37.6149472188266 ], [ 127.0628925772738, 37.614343915584001 ] ] ] } },
{ "type": "Feature", "properties": { "adm_cd2": "1129052500", "adm_nm": "서울특별시 성북구 성북동", "sggnm": "성북구", "shannon_mean": 0.36813845650845534, "n_bldg_sum": 2175, "n_grid": 181 }, "geometry": { "type": "Polygon", "coordinates": [ [ [ 126.999559285918252, 37.601607725014453 ], [ 127.000943569491781, 37.601500818856145 ], [ 127.00293906047429, 37.597956823340056 ], [ 127.007850744420338, 37.595989944109142 ], [ 127.008422569836526, 37.593120420991909 ], [ 127.007488657035509, 37.591631562623043 ], [ 127.009531179565002, 37.59206377620859 ], [ 127.011544743488514, 37.593965987907303 ], [ 127.013261498415446, 37.591805311647704 ], [ 127.004194817617034, 37.587950483032529 ], [ 127.002337818778557, 37.58915379544608 ], [ 127.000942194290261, 37.59239265541499 ], [ 126.989135903089448, 37.591306686318617 ], [ 126.989475792086679, 37.5917950211998 ], [ 126.983868097928024, 37.593850468126433 ], [ 126.981566847345007, 37.59716526193013 ], [ 126.981566564480005, 37.599143655277672 ], [ 126.984908526539613, 37.599438829947097 ], [ 126.989470471155187, 37.602526594580475 ], [ 126.995251974359149, 37.602702438494426 ], [ 126.999559285918252, 37.601607725014453 ] ] ] } },
{ "type": "Feature", "properties": { "adm_cd2": "1129055500", "adm_nm": "서울특별시 성북구 삼선동", "sggnm": "성북구", "shannon_mean": 0.33464778595234695, "n_bldg_sum": 1603, "n_grid": 82 }, "geometry": { "type": "Polygon", "coordinates": [ [ [ 127.018964132938706, 37.588828332448735 ], [ 127.014685709425351, 37.584544131427855 ], [ 127.014685884830357, 37.582226547406293 ], [ 127.009965433084943, 37.580208357141579 ], [ 127.008841317839227, 37.580452638734883 ], [ 127.00593335431671, 37.586909905760372 ], [ 127.004163889918672, 37.58729006506222 ], [ 127.004194817617034, 37.587950483032529 ], [ 127.01499591484675, 37.592375839277402 ], [ 127.016511852559262, 37.592423220468163 ], [ 127.016993430377269, 37.590353715246337 ], [ 127.018964132938706, 37.588828332448735 ] ] ] } },
{ "type": "Feature", "properties": { "adm_cd2": "1129057500", "adm_nm": "서울특별시 성북구 동선동", "sggnm": "성북구", "shannon_mean": 0.47042555504002653, "n_bldg_sum": 1213, "n_grid": 66 }, "geometry": { "type": "Polygon", "coordinates": [ [ [ 127.019722515075188, 37.597288355273236 ], [ 127.021971003583289, 37.596981997106965 ], [ 127.022569051095914, 37.595638823219502 ], [ 127.024993238910881, 37.594129139213727 ], [ 127.022113619233821, 37.58907327628792 ], [ 127.019661330181194, 37.589406961660174 ], [ 127.018964132938706, 37.588828332448735 ], [ 127.016993430377269, 37.590353715246337 ], [ 127.016511852559262, 37.592423220468163 ], [ 127.013261498415446, 37.591805311647704 ], [ 127.011544743488514, 37.593965987907303 ], [ 127.013423347270887, 37.595231132913163 ], [ 127.012887128005772, 37.598205609660269 ], [ 127.015056462605088, 37.598411358632383 ], [ 127.016151865474129, 37.596881668758257 ], [ 127.019722515075188, 37.597288355273236 ] ] ] } },
{ "type": "Feature", "properties": { "adm_cd2": "1129070500", "adm_nm": "서울특별시 성북구 종암동", "sggnm": "성북구", "shannon_mean": 0.56887657859962248, "n_bldg_sum": 1490, "n_grid": 112 }, "geometry": { "type": "Polygon", "coordinates": [ [ [ 127.03217535563617, 37.603455071169698 ], [ 127.038522597615767, 37.60249427617353 ], [ 127.040472143193327, 37.600501994471983 ], [ 127.040753802705169, 37.595800296014161 ], [ 127.039062754121701, 37.591270147215312 ], [ 127.036488309478472, 37.591245860187172 ], [ 127.035540514724801, 37.592551986888573 ], [ 127.032030050946531, 37.591145543761179 ], [ 127.030261041239257, 37.591249877005467 ], [ 127.024993238910881, 37.594129139213727 ], [ 127.027119806178419, 37.600753453886838 ], [ 127.030219725374621, 37.603998275772483 ], [ 127.03217535563617, 37.603455071169698 ] ] ] } },
{ "type": "Feature", "properties": { "adm_cd2": "1129081000", "adm_nm": "서울특별시 성북구 석관동", "sggnm": "성북구", "shannon_mean": 0.36238691896902181, "n_bldg_sum": 2874, "n_grid": 111 }, "geometry": { "type": "Polygon", "coordinates": [ [ [ 127.071403137148351, 37.615627975297905 ], [ 127.071717760320283, 37.606811751554389 ], [ 127.068588265738725, 37.609322465436193 ], [ 127.068734389876994, 37.606871138672446 ], [ 127.068101150481255, 37.606507896929863 ], [ 127.062334595500346, 37.605281104170217 ], [ 127.060045633462124, 37.602099854517519 ], [ 127.052029941804349, 37.599952682071525 ], [ 127.051327384538695, 37.601626501660306 ], [ 127.052238913783157, 37.602858990066714 ], [ 127.052159143015032, 37.604731409165495 ], [ 127.050720357928569, 37.6075460842086 ], [ 127.0628925772738, 37.614343915584001 ], [ 127.066051941517358, 37.614304866324147 ], [ 127.071187060849624, 37.616368568783749 ], [ 127.071403137148351, 37.615627975297905 ] ] ] } },
{ "type": "Feature", "properties": { "adm_cd2": "1130559500", "adm_nm": "서울특별시 강북구 번1동", "sggnm": "강북구", "shannon_mean": 0.37452143010129324, "n_bldg_sum": 1774, "n_grid": 59 }, "geometry": { "type": "Polygon", "coordinates": [ [ [ 127.036439858436523, 37.636886881830335 ], [ 127.038479308421373, 37.633913668911646 ], [ 127.034046316229507, 37.635403760741411 ], [ 127.023254858382657, 37.63465084213415 ], [ 127.023582877861827, 37.636089803850375 ], [ 127.030833047880506, 37.642856378182749 ], [ 127.032935428963313, 37.641288739255998 ], [ 127.034685729002845, 37.637601042621583 ], [ 127.036439858436523, 37.636886881830335 ] ] ] } },
{ "type": "Feature", "properties": { "adm_cd2": "1130560300", "adm_nm": "서울특별시 강북구 번2동", "sggnm": "강북구", "shannon_mean": 0.43282095883180466, "n_bldg_sum": 727, "n_grid": 55 }, "geometry": { "type": "Polygon", "coordinates": [ [ [ 127.038479308421373, 37.633913668911646 ], [ 127.041966785336228, 37.630988902216799 ], [ 127.036739279101042, 37.626429143367474 ], [ 127.037673665834944, 37.623315297548871 ], [ 127.036825489327981, 37.619955604640666 ], [ 127.034473510386775, 37.62108654505014 ], [ 127.032406979842037, 37.627629988671984 ], [ 127.029009814867024, 37.633047044835621 ], [ 127.027570855923827, 37.633501180865309 ], [ 127.027491737643118, 37.634963078045338 ], [ 127.034046316229507, 37.635403760741411 ], [ 127.038479308421373, 37.633913668911646 ] ] ] } },
{ "type": "Feature", "properties": { "adm_cd2": "1130560800", "adm_nm": "서울특별시 강북구 번3동", "sggnm": "강북구", "shannon_mean": 0.5742654344030329, "n_bldg_sum": 141, "n_grid": 44 }, "geometry": { "type": "Polygon", "coordinates": [ [ [ 127.049986249782734, 37.624430946272589 ], [ 127.040194408074157, 37.615945417762276 ], [ 127.038651849096723, 37.616547735816042 ], [ 127.038794520144677, 37.619468705353874 ], [ 127.036825489327981, 37.619955604640666 ], [ 127.037673665834944, 37.623315297548871 ], [ 127.036739279101042, 37.626429143367474 ], [ 127.041966785336228, 37.630988902216799 ], [ 127.049986249782734, 37.624430946272589 ] ] ] } },
{ "type": "Feature", "properties": { "adm_cd2": "1130561500", "adm_nm": "서울특별시 강북구 수유1동", "sggnm": "강북구", "shannon_mean": 0.6831849693849964, "n_bldg_sum": 1846, "n_grid": 70 }, "geometry": { "type": "Polygon", "coordinates": [ [ [ 127.022588294600553, 37.630336373103638 ], [ 127.017763538406712, 37.629301619772555 ], [ 127.015879335421175, 37.627459679467322 ], [ 127.010085910176429, 37.625239879170003 ], [ 127.004501459264432, 37.624438046883746 ], [ 126.994101819288645, 37.629919102267451 ], [ 126.993194309137095, 37.632027717592401 ], [ 127.002597880768747, 37.632282929667461 ], [ 127.023254858382657, 37.63465084213415 ], [ 127.022588294600553, 37.630336373103638 ] ] ] } },
{ "type": "Feature", "properties": { "adm_cd2": "1130562500", "adm_nm": "서울특별시 강북구 수유2동", "sggnm": "강북구", "shannon_mean": 0.75551265852323268, "n_bldg_sum": 1211, "n_grid": 61 }, "geometry": { "type": "Polygon", "coordinates": [ [ [ 127.015618412969701, 37.649103107364709 ], [ 127.021139603803007, 37.64901634861971 ], [ 127.024617275767014, 37.647402375718137 ], [ 127.025151695596435, 37.646601117481239 ], [ 127.023950265846111, 37.643680546635728 ], [ 127.020544061394176, 37.641254551202479 ], [ 127.016914807100207, 37.64081395830064 ], [ 127.013896412745339, 37.649052071527045 ], [ 127.015618412969701, 37.649103107364709 ] ] ] } },
{ "type": "Feature", "properties": { "adm_cd2": "1130563500", "adm_nm": "서울특별시 강북구 수유3동", "sggnm": "강북구", "shannon_mean": 0.56310839994318862, "n_bldg_sum": 1983, "n_grid": 68 }, "geometry": { "type": "Polygon", "coordinates": [ [ [ 127.030833047880506, 37.642856378182749 ], [ 127.023582877861827, 37.636089803850375 ], [ 127.019516211863007, 37.635543727011331 ], [ 127.017181607081852, 37.63725915814409 ], [ 127.016914807100207, 37.64081395830064 ], [ 127.020823525913372, 37.641421306367192 ], [ 127.023950265846111, 37.643680546635728 ], [ 127.025151695596435, 37.646601117481239 ], [ 127.030833047880506, 37.642856378182749 ] ] ] } },
{ "type": "Feature", "properties": { "adm_cd2": "1130553400", "adm_nm": "서울특별시 강북구 삼양동", "sggnm": "강북구", "shannon_mean": 0.52251771654414803, "n_bldg_sum": 2035, "n_grid": 78 }, "geometry": { "type": "Polygon", "coordinates": [ [ [ 127.022005076083445, 37.625180604890787 ], [ 127.018404301723962, 37.624862854553434 ], [ 127.021087528449272, 37.619468106912848 ], [ 127.013387275606107, 37.620225193324544 ], [ 127.008556829342581, 37.618563626359702 ], [ 127.007505920465391, 37.621016504456904 ], [ 127.007875676624181, 37.623909093174028 ], [ 127.004501459264432, 37.624438046883746 ], [ 127.010085910176429, 37.625239879170003 ], [ 127.015879335421175, 37.627459679467322 ], [ 127.017763538406712, 37.629301619772555 ], [ 127.022588294600553, 37.630336373103638 ], [ 127.020856633976521, 37.629126354938826 ], [ 127.022005076083445, 37.625180604890787 ] ] ] } },
{ "type": "Feature", "properties": { "adm_cd2": "1130553500", "adm_nm": "서울특별시 강북구 미아동", "sggnm": "강북구", "shannon_mean": 0.49997648114022869, "n_bldg_sum": 1859, "n_grid": 68 }, "geometry": { "type": "Polygon", "coordinates": [ [ [ 127.032592440492294, 37.625507951590833 ], [ 127.022871051810966, 37.62295329415381 ], [ 127.020856633976521, 37.629126354938826 ], [ 127.022588294600553, 37.630336373103638 ], [ 127.023254858382657, 37.63465084213415 ], [ 127.027491737643118, 37.634963078045338 ], [ 127.027570855923827, 37.633501180865309 ], [ 127.029009814867024, 37.633047044835621 ], [ 127.032406979842037, 37.627629988671984 ], [ 127.032592440492294, 37.625507951590833 ] ] ] } },
{ "type": "Feature", "properties": { "adm_cd2": "1130554500", "adm_nm": "서울특별시 강북구 송중동", "sggnm": "강북구", "shannon_mean": 0.37164385870788413, "n_bldg_sum": 2424, "n_grid": 91 }, "geometry": { "type": "Polygon", "coordinates": [ [ [ 127.032592440492294, 37.625507951590833 ], [ 127.034473510386775, 37.62108654505014 ], [ 127.038794520144677, 37.619468705353874 ], [ 127.038490658714807, 37.617411333129255 ], [ 127.039118560646486, 37.616308518336702 ], [ 127.037103402058861, 37.612711037864592 ], [ 127.030411148761345, 37.609138900260547 ], [ 127.029807131910772, 37.617124676980545 ], [ 127.026894613386602, 37.624456705809706 ], [ 127.032592440492294, 37.625507951590833 ] ] ] } },
{ "type": "Feature", "properties": { "adm_cd2": "1130555500", "adm_nm": "서울특별시 강북구 송천동", "sggnm": "강북구", "shannon_mean": 0.36452045951776746, "n_bldg_sum": 3131, "n_grid": 94 }, "geometry": { "type": "Polygon", "coordinates": [ [ [ 127.026894613386602, 37.624456705809706 ], [ 127.029807131910772, 37.617124676980545 ], [ 127.029982615937911, 37.612341807273275 ], [ 127.027222806167146, 37.612563700402099 ], [ 127.022234980567774, 37.611269246091652 ], [ 127.021881045481422, 37.616724369671047 ], [ 127.018404301723962, 37.624862854553434 ], [ 127.022005076083445, 37.625180604890787 ], [ 127.022871051810966, 37.62295329415381 ], [ 127.026894613386602, 37.624456705809706 ] ] ] } },
{ "type": "Feature", "properties": { "adm_cd2": "1130557500", "adm_nm": "서울특별시 강북구 삼각산동", "sggnm": "강북구", "shannon_mean": 0.34800879446660971, "n_bldg_sum": 221, "n_grid": 46 }, "geometry": { "type": "Polygon", "coordinates": [ [ [ 127.021087528449272, 37.619468106912848 ], [ 127.02220072372377, 37.615528043915731 ], [ 127.022029546513892, 37.612287029231297 ], [ 127.017642686199565, 37.614570979362988 ], [ 127.011470230202676, 37.616419250198582 ], [ 127.008556829342581, 37.618563626359702 ], [ 127.013387275606107, 37.620225193324544 ], [ 127.021087528449272, 37.619468106912848 ] ] ] } },
{ "type": "Feature", "properties": { "adm_cd2": "1130564500", "adm_nm": "서울특별시 강북구 우이동", "sggnm": "강북구", "shannon_mean": 0.71494389850014484, "n_bldg_sum": 1617, "n_grid": 125 }, "geometry": { "type": "Polygon", "coordinates": [ [ [ 127.008292471140322, 37.68467769374363 ], [ 127.008406179073575, 37.68129929272439 ], [ 127.010364841028832, 37.679538579467824 ], [ 127.011981059618336, 37.679294032442996 ], [ 127.013867205119837, 37.675372017984166 ], [ 127.018516132355145, 37.669958309192587 ], [ 127.015445213760415, 37.666164642397874 ], [ 127.015449894002373, 37.663481113296754 ], [ 127.016335300537079, 37.661576002104368 ], [ 127.01462794718195, 37.660892844434535 ], [ 127.012562940845797, 37.652749930335219 ], [ 127.013244705121693, 37.650439857311831 ], [ 127.015618412969701, 37.649103107364709 ], [ 127.013896412745339, 37.649052071527045 ], [ 127.015924457607113, 37.644306990299597 ], [ 127.010660938337779, 37.64503156368945 ], [ 127.004573287023533, 37.644360141312326 ], [ 127.000562398362916, 37.640707465207882 ], [ 126.996508638008478, 37.638847001883896 ], [ 126.991513160903949, 37.638720797038069 ], [ 126.985894863691769, 37.640568974203156 ], [ 126.983248870665832, 37.643646742606443 ], [ 126.984961912850039, 37.645900811533188 ], [ 126.983702297077386, 37.649784564670675 ], [ 126.979704001906313, 37.654790816483427 ], [ 126.979545830693326, 37.656031696416875 ], [ 126.984996174339614, 37.659302670728202 ], [ 126.988018962727708, 37.663338026950612 ], [ 126.992844615075697, 37.665024085927051 ], [ 126.994155615844093, 37.666276934134849 ], [ 126.992957393370219, 37.677611663189964 ], [ 126.991736327664285, 37.679465432496251 ], [ 126.993799204460302, 37.680249417999036 ], [ 126.997986060381592, 37.683824187802067 ], [ 127.004190662460658, 37.68517313790673 ], [ 127.008292471140322, 37.68467769374363 ] ] ] } },
{ "type": "Feature", "properties": { "adm_cd2": "1130566000", "adm_nm": "서울특별시 강북구 인수동", "sggnm": "강북구", "shannon_mean": 0.73684866915259462, "n_bldg_sum": 2474, "n_grid": 115 }, "geometry": { "type": "Polygon", "coordinates": [ [ [ 127.015924457607113, 37.644306990299597 ], [ 127.017181607081852, 37.63725915814409 ], [ 127.019516211863007, 37.635543727011331 ], [ 127.023582877861827, 37.636089803850375 ], [ 127.023254858382657, 37.63465084213415 ], [ 127.002597880768747, 37.632282929667461 ], [ 126.993194309137095, 37.632027717592401 ], [ 126.986055959154669, 37.635195450555173 ], [ 126.984625388282126, 37.63656487056025 ], [ 126.986367470301744, 37.640650913597398 ], [ 126.991513160903949, 37.638720797038069 ], [ 126.996508638008478, 37.638847001883896 ], [ 127.000562398362916, 37.640707465207882 ], [ 127.004573287023533, 37.644360141312326 ], [ 127.010660938337779, 37.64503156368945 ], [ 127.015924457607113, 37.644306990299597 ] ] ] } },
{ "type": "Feature", "properties": { "adm_cd2": "1132066000", "adm_nm": "서울특별시 도봉구 쌍문1동", "sggnm": "도봉구", "shannon_mean": 0.68280713053140307, "n_bldg_sum": 1310, "n_grid": 83 }, "geometry": { "type": "Polygon", "coordinates": [ [ [ 127.016335300537079, 37.661576002104368 ], [ 127.020920642100421, 37.654537265372241 ], [ 127.02805043944214, 37.653135136978761 ], [ 127.028672942789314, 37.650711888366587 ], [ 127.025151695596435, 37.646601117481239 ], [ 127.021313526582389, 37.648964101000381 ], [ 127.016998902895807, 37.648726813980446 ], [ 127.013244705121693, 37.650439857311831 ], [ 127.012562940845797, 37.652749930335219 ], [ 127.013790297267533, 37.658480723982983 ], [ 127.01516244691507, 37.661591467122584 ], [ 127.016335300537079, 37.661576002104368 ] ] ] } },
{ "type": "Feature", "properties": { "adm_cd2": "1132067000", "adm_nm": "서울특별시 도봉구 쌍문2동", "sggnm": "도봉구", "shannon_mean": 0.74073220731529577, "n_bldg_sum": 1002, "n_grid": 54 }, "geometry": { "type": "Polygon", "coordinates": [ [ [ 127.042221666994237, 37.661708599130563 ], [ 127.036331426395009, 37.651373190770521 ], [ 127.033294808788554, 37.651143774397937 ], [ 127.033050196465595, 37.653195593965975 ], [ 127.034382318967744, 37.656702547236044 ], [ 127.033785098163719, 37.66008244714331 ], [ 127.037754276182184, 37.661750889413327 ], [ 127.042221666994237, 37.661708599130563 ] ] ] } },
{ "type": "Feature", "properties": { "adm_cd2": "1132068000", "adm_nm": "서울특별시 도봉구 쌍문3동", "sggnm": "도봉구", "shannon_mean": 0.62172785970924638, "n_bldg_sum": 1065, "n_grid": 49 }, "geometry": { "type": "Polygon", "coordinates": [ [ [ 127.033467577709501, 37.646504824137779 ], [ 127.030833047880506, 37.642856378182749 ], [ 127.025151695596435, 37.646601117481239 ], [ 127.028672942789314, 37.650711888366587 ], [ 127.036331426395009, 37.651373190770521 ], [ 127.033467577709501, 37.646504824137779 ] ] ] } },
{ "type": "Feature", "properties": { "adm_cd2": "1132068100", "adm_nm": "서울특별시 도봉구 쌍문4동", "sggnm": "도봉구", "shannon_mean": 0.62644672501306797, "n_bldg_sum": 224, "n_grid": 37 }, "geometry": { "type": "Polygon", "coordinates": [ [ [ 127.033294808788554, 37.651143774397937 ], [ 127.028672942789314, 37.650711888366587 ], [ 127.02805043944214, 37.653135136978761 ], [ 127.025465040675243, 37.654017086066375 ], [ 127.026072158812624, 37.656709909858421 ], [ 127.027772996680497, 37.658809105543625 ], [ 127.033785098163719, 37.66008244714331 ], [ 127.034382318967744, 37.656702547236044 ], [ 127.033050196465595, 37.653195593965975 ], [ 127.033294808788554, 37.651143774397937 ] ] ] } },
{ "type": "Feature", "properties": { "adm_cd2": "1132069000", "adm_nm": "서울특별시 도봉구 방학1동", "sggnm": "도봉구", "shannon_mean": 0.50421273386943777, "n_bldg_sum": 1269, "n_grid": 80 }, "geometry": { "type": "Polygon", "coordinates": [ [ [ 127.0436473744994, 37.669815960562993 ], [ 127.048823055647787, 37.669093427654843 ], [ 127.051266295493122, 37.663975282972864 ], [ 127.051551245118162, 37.660657210438465 ], [ 127.044584341594245, 37.662034338616117 ], [ 127.037754276182184, 37.661750889413327 ], [ 127.034910371763729, 37.660324644229974 ], [ 127.034805164010578, 37.663769551634097 ], [ 127.039041566973651, 37.666950991146763 ], [ 127.039603465808995, 37.669963640344868 ], [ 127.0436473744994, 37.669815960562993 ] ] ] } },
{ "type": "Feature", "properties": { "adm_cd2": "1132070000", "adm_nm": "서울특별시 도봉구 방학2동", "sggnm": "도봉구", "shannon_mean": 0.72430996272120218, "n_bldg_sum": 1491, "n_grid": 68 }, "geometry": { "type": "Polygon", "coordinates": [ [ [ 127.039603465808995, 37.669963640344868 ], [ 127.039041566973651, 37.666950991146763 ], [ 127.035147288670004, 37.664248607442048 ], [ 127.03472568158243, 37.662540042872045 ], [ 127.031472370836553, 37.662169047225426 ], [ 127.030479750220223, 37.663415538975038 ], [ 127.030521127110347, 37.665515712165799 ], [ 127.022797335423036, 37.671622892562723 ], [ 127.031217986553699, 37.674933005062819 ], [ 127.037202299580741, 37.671445948402678 ], [ 127.039763263122467, 37.671842415883688 ], [ 127.039603465808995, 37.669963640344868 ] ] ] } },
{ "type": "Feature", "properties": { "adm_cd2": "1132071000", "adm_nm": "서울특별시 도봉구 방학3동", "sggnm": "도봉구", "shannon_mean": 0.32159309732121316, "n_bldg_sum": 232, "n_grid": 73 }, "geometry": { "type": "Polygon", "coordinates": [ [ [ 127.025439219658608, 37.669427540274938 ], [ 127.030521127110347, 37.665515712165799 ], [ 127.030479750220223, 37.663415538975038 ], [ 127.031472370836553, 37.662169047225426 ], [ 127.03472568158243, 37.662540042872045 ], [ 127.034910371763729, 37.660324644229974 ], [ 127.027772996680497, 37.658809105543625 ], [ 127.026072158812624, 37.656709909858421 ], [ 127.025465040675243, 37.654017086066375 ], [ 127.021873405153343, 37.654242563722867 ], [ 127.018462670569022, 37.657501662504451 ], [ 127.015449894002373, 37.663481113296754 ], [ 127.015445213760415, 37.666164642397874 ], [ 127.018160916171212, 37.668777239558835 ], [ 127.019222461795636, 37.671199381487575 ], [ 127.021563412186964, 37.67119533103488 ], [ 127.022797853593559, 37.669549829761863 ], [ 127.025439219658608, 37.669427540274938 ] ] ] } },
{ "type": "Feature", "properties": { "adm_cd2": "1132051100", "adm_nm": "서울특별시 도봉구 창1동", "sggnm": "도봉구", "shannon_mean": 0.48645801086793478, "n_bldg_sum": 535, "n_grid": 66 }, "geometry": { "type": "Polygon", "coordinates": [ [ [ 127.048297357389075, 37.65166186810611 ], [ 127.051247515432323, 37.645195877529318 ], [ 127.046354775685117, 37.639156229310537 ], [ 127.045019126014125, 37.639670482083858 ], [ 127.043652123347655, 37.643918389341572 ], [ 127.039980662669038, 37.646373910908579 ], [ 127.033467577709501, 37.646504824137779 ], [ 127.036331426395009, 37.651373190770521 ], [ 127.048297357389075, 37.65166186810611 ] ] ] } },
{ "type": "Feature", "properties": { "adm_cd2": "1132051200", "adm_nm": "서울특별시 도봉구 창2동", "sggnm": "도봉구", "shannon_mean": 0.78769201690335244, "n_bldg_sum": 1205, "n_grid": 63 }, "geometry": { "type": "Polygon", "coordinates": [ [ [ 127.043652123347655, 37.643918389341572 ], [ 127.036439858436523, 37.636886881830335 ], [ 127.034685729002845, 37.637601042621583 ], [ 127.032935428963313, 37.641288739255998 ], [ 127.030833047880506, 37.642856378182749 ], [ 127.033467577709501, 37.646504824137779 ], [ 127.039980662669038, 37.646373910908579 ], [ 127.043652123347655, 37.643918389341572 ] ] ] } },
{ "type": "Feature", "properties": { "adm_cd2": "1132051300", "adm_nm": "서울특별시 도봉구 창3동", "sggnm": "도봉구", "shannon_mean": 0.53410839570626378, "n_bldg_sum": 1221, "n_grid": 47 }, "geometry": { "type": "Polygon", "coordinates": [ [ [ 127.046354775685117, 37.639156229310537 ], [ 127.043935823328923, 37.633436924142892 ], [ 127.041481211273776, 37.631278861729868 ], [ 127.036439858436523, 37.636886881830335 ], [ 127.043652123347655, 37.643918389341572 ], [ 127.045019126014125, 37.639670482083858 ], [ 127.046354775685117, 37.639156229310537 ] ] ] } },
{ "type": "Feature", "properties": { "adm_cd2": "1132051400", "adm_nm": "서울특별시 도봉구 창4동", "sggnm": "도봉구", "shannon_mean": 0.1123528866942612, "n_bldg_sum": 105, "n_grid": 55 }, "geometry": { "type": "Polygon", "coordinates": [ [ [ 127.051551245118162, 37.660657210438465 ], [ 127.054181744350757, 37.654481560022823 ], [ 127.054361232522183, 37.650408395318756 ], [ 127.055892536012692, 37.64597057843639 ], [ 127.054936722993546, 37.640761750913406 ], [ 127.05437139611449, 37.64064356962696 ], [ 127.052332899384723, 37.642596262208293 ], [ 127.045292970831667, 37.658430606267444 ], [ 127.044584341594245, 37.662034338616117 ], [ 127.051551245118162, 37.660657210438465 ] ] ] } },
{ "type": "Feature", "properties": { "adm_cd2": "1132051500", "adm_nm": "서울특별시 도봉구 창5동", "sggnm": "도봉구", "shannon_mean": 0.70866440400980246, "n_bldg_sum": 394, "n_grid": 57 }, "geometry": { "type": "Polygon", "coordinates": [ [ [ 127.048297357389075, 37.65166186810611 ], [ 127.04574634766324, 37.651123646133087 ], [ 127.036331426395009, 37.651373190770521 ], [ 127.042221666994237, 37.661708599130563 ], [ 127.044584341594245, 37.662034338616117 ], [ 127.045292970831667, 37.658430606267444 ], [ 127.048297357389075, 37.65166186810611 ] ] ] } },
{ "type": "Feature", "properties": { "adm_cd2": "1132052100", "adm_nm": "서울특별시 도봉구 도봉1동", "sggnm": "도봉구", "shannon_mean": 0.60972607509907772, "n_bldg_sum": 1591, "n_grid": 119 }, "geometry": { "type": "Polygon", "coordinates": [ [ [ 127.045085365514836, 37.69244158977186 ], [ 127.046052453366002, 37.684976666167707 ], [ 127.0436473744994, 37.669815960562993 ], [ 127.039603465808995, 37.669963640344868 ], [ 127.039763263122467, 37.671842415883688 ], [ 127.037202299580741, 37.671445948402678 ], [ 127.031217986553699, 37.674933005062819 ], [ 127.022892289776848, 37.671957896354677 ], [ 127.025439219658608, 37.669427540274938 ], [ 127.022797853593559, 37.669549829761863 ], [ 127.021563412186964, 37.67119533103488 ], [ 127.019222461795636, 37.671199381487575 ], [ 127.018440295466206, 37.670078452760571 ], [ 127.013867205119837, 37.675372017984166 ], [ 127.011981059618336, 37.679294032442996 ], [ 127.010364841028832, 37.679538579467824 ], [ 127.008406179073575, 37.68129929272439 ], [ 127.008972677861593, 37.686971937097333 ], [ 127.008055161017651, 37.690548634828936 ], [ 127.008837236745265, 37.694611470455399 ], [ 127.011948313245966, 37.698244347313334 ], [ 127.014938900790412, 37.698545112265712 ], [ 127.01584584752527, 37.701025238863842 ], [ 127.019567706609408, 37.701079899670617 ], [ 127.022089845318916, 37.699604079920086 ], [ 127.024897044992926, 37.699437411732227 ], [ 127.028028377013641, 37.700589039529184 ], [ 127.029300866917751, 37.698818509162145 ], [ 127.031144350707635, 37.69293904860681 ], [ 127.032468338412897, 37.691712255367328 ], [ 127.035894842508796, 37.692243533337887 ], [ 127.041576725126859, 37.695359575959856 ], [ 127.04312276342398, 37.695154890397866 ], [ 127.045085365514836, 37.69244158977186 ] ] ] } },
{ "type": "Feature", "properties": { "adm_cd2": "1132052200", "adm_nm": "서울특별시 도봉구 도봉2동", "sggnm": "도봉구", "shannon_mean": 0.3545933790635033, "n_bldg_sum": 664, "n_grid": 75 }, "geometry": { "type": "Polygon", "coordinates": [ [ [ 127.050776586122979, 37.687021624314454 ], [ 127.052006428317057, 37.68366335462887 ], [ 127.049135363852727, 37.673120201929237 ], [ 127.048823055647787, 37.669093427654843 ], [ 127.0436473744994, 37.669815960562993 ], [ 127.046052453366002, 37.684976666167707 ], [ 127.045085365514836, 37.69244158977186 ], [ 127.048204861781144, 37.693913737164664 ], [ 127.049119616798976, 37.693521779836047 ], [ 127.050776586122979, 37.687021624314454 ] ] ] } },
{ "type": "Feature", "properties": { "adm_cd2": "1135056000", "adm_nm": "서울특별시 노원구 월계1동", "sggnm": "노원구", "shannon_mean": 0.72144220087078836, "n_bldg_sum": 884, "n_grid": 79 }, "geometry": { "type": "Polygon", "coordinates": [ [ [ 127.068006973907714, 37.615568234102618 ], [ 127.065943723815181, 37.614281944675994 ], [ 127.061515709098174, 37.614617096961638 ], [ 127.053844716116942, 37.620478773023621 ], [ 127.049986249782734, 37.624430946272589 ], [ 127.059042801711669, 37.630199955219503 ], [ 127.065959546375083, 37.6150932110857 ], [ 127.068006973907714, 37.615568234102618 ] ] ] } },
{ "type": "Feature", "properties": { "adm_cd2": "1135057000", "adm_nm": "서울특별시 노원구 월계2동", "sggnm": "노원구", "shannon_mean": 0.54376735299688794, "n_bldg_sum": 273, "n_grid": 66 }, "geometry": { "type": "Polygon", "coordinates": [ [ [ 127.054936722993546, 37.640761750913406 ], [ 127.059587580158805, 37.636547419421007 ], [ 127.058619539014018, 37.636271173914629 ], [ 127.059042801711669, 37.630199955219503 ], [ 127.049986249782734, 37.624430946272589 ], [ 127.041481211273776, 37.631278861729868 ], [ 127.043935823328923, 37.633436924142892 ], [ 127.045295961948568, 37.637486930965878 ], [ 127.05059673257108, 37.645147206723301 ], [ 127.051247515432323, 37.645195877529318 ], [ 127.053205055106119, 37.641400789010433 ], [ 127.054936722993546, 37.640761750913406 ] ] ] } },
{ "type": "Feature", "properties": { "adm_cd2": "1135058000", "adm_nm": "서울특별시 노원구 월계3동", "sggnm": "노원구", "shannon_mean": 0.43996236041059472, "n_bldg_sum": 189, "n_grid": 66 }, "geometry": { "type": "Polygon", "coordinates": [ [ [ 127.064392172683512, 37.630783164295835 ], [ 127.064940299460133, 37.628614083605463 ], [ 127.07004587887576, 37.623552616157546 ], [ 127.071187060849624, 37.616368568783749 ], [ 127.065959546375083, 37.6150932110857 ], [ 127.059158002071115, 37.629814427437644 ], [ 127.058619539014018, 37.636271173914629 ], [ 127.059587580158805, 37.636547419421007 ], [ 127.064392172683512, 37.630783164295835 ] ] ] } },
{ "type": "Feature", "properties": { "adm_cd2": "1135060000", "adm_nm": "서울특별시 노원구 공릉2동", "sggnm": "노원구", "shannon_mean": 0.51573052058200497, "n_bldg_sum": 870, "n_grid": 124 }, "geometry": { "type": "Polygon", "coordinates": [ [ [ 127.11115471503085, 37.642411591637234 ], [ 127.111952928205028, 37.640271212478751 ], [ 127.112037346379012, 37.632618053963029 ], [ 127.110842236154582, 37.630471179502955 ], [ 127.105369711172685, 37.627139509498811 ], [ 127.103507380003109, 37.622903655855012 ], [ 127.104065004355789, 37.621658295675246 ], [ 127.105710367142819, 37.6208334323481 ], [ 127.101507534022957, 37.619803061004433 ], [ 127.097041795792705, 37.6170499009935 ], [ 127.08954300367121, 37.619643666786793 ], [ 127.0857277524712, 37.62016784234585 ], [ 127.08163723273077, 37.619250941769756 ], [ 127.07954249220488, 37.620228211832888 ], [ 127.07814722651797, 37.621616931877753 ], [ 127.076149736981179, 37.627525953454146 ], [ 127.071303020608482, 37.631084554957127 ], [ 127.075309509252335, 37.630760826855699 ], [ 127.076647428354903, 37.634685509603692 ], [ 127.080747116815417, 37.636631267343532 ], [ 127.083057147568411, 37.640072436946198 ], [ 127.090558486056139, 37.641096934426528 ], [ 127.094133570707754, 37.642589737075291 ], [ 127.094452124995755, 37.645759079019868 ], [ 127.106567955729346, 37.64548959251487 ], [ 127.109590308735619, 37.642582186282361 ], [ 127.11115471503085, 37.642411591637234 ] ] ] } },
{ "type": "Feature", "properties": { "adm_cd2": "1135061100", "adm_nm": "서울특별시 노원구 하계1동", "sggnm": "노원구", "shannon_mean": 0.6588342140334732, "n_bldg_sum": 268, "n_grid": 62 }, "geometry": { "type": "Polygon", "coordinates": [ [ [ 127.076496802936063, 37.645996770949075 ], [ 127.078213520054618, 37.644351218959784 ], [ 127.080909341110797, 37.643680374390449 ], [ 127.083057147568411, 37.640072436946198 ], [ 127.080747116815417, 37.636631267343532 ], [ 127.076647428354903, 37.634685509603692 ], [ 127.075309509252335, 37.630760826855699 ], [ 127.070297440506067, 37.631403082840968 ], [ 127.066797436232832, 37.638683286216114 ], [ 127.069358006083831, 37.63939107808168 ], [ 127.071854539504244, 37.64309798522244 ], [ 127.070766426607889, 37.645305689734535 ], [ 127.074205942326742, 37.646286008779882 ], [ 127.076044299343039, 37.644463311634595 ], [ 127.076496802936063, 37.645996770949075 ] ] ] } },
{ "type": "Feature", "properties": { "adm_cd2": "1135061200", "adm_nm": "서울특별시 노원구 하계2동", "sggnm": "노원구", "shannon_mean": 0.38438992033337077, "n_bldg_sum": 103, "n_grid": 41 }, "geometry": { "type": "Polygon", "coordinates": [ [ [ 127.066797436232832, 37.638683286216114 ], [ 127.070297440506067, 37.631403082840968 ], [ 127.064392172683512, 37.630783164295835 ], [ 127.058878455457005, 37.637632010196377 ], [ 127.060128203735061, 37.639530642012659 ], [ 127.061355603633459, 37.637178075892471 ], [ 127.066797436232832, 37.638683286216114 ] ] ] } },
{ "type": "Feature", "properties": { "adm_cd2": "1135061900", "adm_nm": "서울특별시 노원구 중계본동", "sggnm": "노원구", "shannon_mean": 0.26028769878554375, "n_bldg_sum": 894, "n_grid": 81 }, "geometry": { "type": "Polygon", "coordinates": [ [ [ 127.094452124995755, 37.645759079019868 ], [ 127.094133570707754, 37.642589737075291 ], [ 127.090558486056139, 37.641096934426528 ], [ 127.083057147568411, 37.640072436946198 ], [ 127.080909341110797, 37.643680374390449 ], [ 127.078213520054618, 37.644351218959784 ], [ 127.076496802936063, 37.645996770949075 ], [ 127.076714684664864, 37.650172998883946 ], [ 127.078173541264107, 37.653433208025341 ], [ 127.086034433998421, 37.65591267225598 ], [ 127.092818084793777, 37.654903116436039 ], [ 127.093601887039199, 37.653317212385872 ], [ 127.092296180184917, 37.649922550817429 ], [ 127.094452124995755, 37.645759079019868 ] ] ] } },
{ "type": "Feature", "properties": { "adm_cd2": "1135062100", "adm_nm": "서울특별시 노원구 중계1동", "sggnm": "노원구", "shannon_mean": 0.53655592553737186, "n_bldg_sum": 122, "n_grid": 45 }, "geometry": { "type": "Polygon", "coordinates": [ [ [ 127.078173541264107, 37.653433208025341 ], [ 127.076714684664864, 37.650172998883946 ], [ 127.076044299343039, 37.644463311634595 ], [ 127.074205942326742, 37.646286008779882 ], [ 127.070766426607889, 37.645305689734535 ], [ 127.068599723407871, 37.650483957124997 ], [ 127.071398419750864, 37.653063995538425 ], [ 127.07212964068529, 37.655162257692886 ], [ 127.078173541264107, 37.653433208025341 ] ] ] } },
{ "type": "Feature", "properties": { "adm_cd2": "1135062400", "adm_nm": "서울특별시 노원구 중계4동", "sggnm": "노원구", "shannon_mean": 0.47051892656321298, "n_bldg_sum": 176, "n_grid": 48 }, "geometry": { "type": "Polygon", "coordinates": [ [ [ 127.093960316134783, 37.662570667849486 ], [ 127.092444955852386, 37.658092560431527 ], [ 127.088445166249343, 37.656622978558104 ], [ 127.078173541264107, 37.653433208025341 ], [ 127.07212964068529, 37.655162257692886 ], [ 127.071608198756607, 37.658358982109512 ], [ 127.075859740358695, 37.662590343835831 ], [ 127.078789421247194, 37.661799789805599 ], [ 127.088803665960455, 37.663721160809743 ], [ 127.093960316134783, 37.662570667849486 ] ] ] } },
{ "type": "Feature", "properties": { "adm_cd2": "1135063000", "adm_nm": "서울특별시 노원구 상계1동", "sggnm": "노원구", "shannon_mean": 0.75612849197380694, "n_bldg_sum": 602, "n_grid": 86 }, "geometry": { "type": "Polygon", "coordinates": [ [ [ 127.081764301318529, 37.696377610934753 ], [ 127.084289316747217, 37.694010392015066 ], [ 127.085139788791523, 37.690999583535095 ], [ 127.079176608646577, 37.688478385392003 ], [ 127.076953263332115, 37.686164147911654 ], [ 127.073624993451176, 37.67678844337712 ], [ 127.071321781620213, 37.674771246832613 ], [ 127.059812375827931, 37.672267086055648 ], [ 127.056237336759182, 37.670519758848741 ], [ 127.048932933555633, 37.671202992594878 ], [ 127.052006428317057, 37.68366335462887 ], [ 127.050776586122979, 37.687021624314454 ], [ 127.054822324241968, 37.689347752455866 ], [ 127.06038027346888, 37.688692605626706 ], [ 127.065111655534878, 37.689846952566086 ], [ 127.069392718522565, 37.694365936411721 ], [ 127.072627663956254, 37.694349538326868 ], [ 127.077341122587541, 37.696384380359262 ], [ 127.081764301318529, 37.696377610934753 ] ] ] } },
{ "type": "Feature", "properties": { "adm_cd2": "1135064000", "adm_nm": "서울특별시 노원구 상계2동", "sggnm": "노원구", "shannon_mean": 0.5382366658132014, "n_bldg_sum": 723, "n_grid": 50 }, "geometry": { "type": "Polygon", "coordinates": [ [ [ 127.071608198756607, 37.658358982109512 ], [ 127.071914043638202, 37.654068419240978 ], [ 127.068599723407871, 37.650483957124997 ], [ 127.067014793022011, 37.655752964501524 ], [ 127.060777049377251, 37.654362724612248 ], [ 127.060431598474864, 37.655706374704955 ], [ 127.061716103958588, 37.655973481766637 ], [ 127.061583800959397, 37.657397154972081 ], [ 127.062600836441547, 37.6589286946 ], [ 127.065212088788201, 37.659400282898666 ], [ 127.065721772452221, 37.661554098910415 ], [ 127.071608198756607, 37.658358982109512 ] ] ] } },
{ "type": "Feature", "properties": { "adm_cd2": "1135067000", "adm_nm": "서울특별시 노원구 상계5동", "sggnm": "노원구", "shannon_mean": 0.64272094588860418, "n_bldg_sum": 885, "n_grid": 46 }, "geometry": { "type": "Polygon", "coordinates": [ [ [ 127.070117918252379, 37.667952893058093 ], [ 127.070942083406052, 37.667353013810875 ], [ 127.070805423253901, 37.665241139974135 ], [ 127.074410532109027, 37.661493428155921 ], [ 127.071608198756607, 37.658358982109512 ], [ 127.065721772452221, 37.661554098910415 ], [ 127.066720434556203, 37.667840936224295 ], [ 127.070117918252379, 37.667952893058093 ] ] ] } },
{ "type": "Feature", "properties": { "adm_cd2": "1135070000", "adm_nm": "서울특별시 노원구 상계8동", "sggnm": "노원구", "shannon_mean": 0.1089899517550397, "n_bldg_sum": 78, "n_grid": 40 }, "geometry": { "type": "Polygon", "coordinates": [ [ [ 127.056237336759182, 37.670519758848741 ], [ 127.05870156450473, 37.661184409776752 ], [ 127.0514706872939, 37.661804970487971 ], [ 127.051047966830836, 37.664573839582737 ], [ 127.0490133991119, 37.668069209370415 ], [ 127.048932933555633, 37.671202992594878 ], [ 127.056237336759182, 37.670519758848741 ] ] ] } },
{ "type": "Feature", "properties": { "adm_cd2": "1135071000", "adm_nm": "서울특별시 노원구 상계9동", "sggnm": "노원구", "shannon_mean": 0.20896280494211458, "n_bldg_sum": 88, "n_grid": 45 }, "geometry": { "type": "Polygon", "coordinates": [ [ [ 127.070117918252379, 37.667952893058093 ], [ 127.066720434556203, 37.667840936224295 ], [ 127.065685086733112, 37.661396230157663 ], [ 127.062927248583762, 37.66138942358544 ], [ 127.063427443441782, 37.664795589417928 ], [ 127.061619579321246, 37.665171304286964 ], [ 127.058039084366641, 37.664582657819878 ], [ 127.05802528532179, 37.663739416536089 ], [ 127.057680146816566, 37.664190944332169 ], [ 127.056237336759182, 37.670519758848741 ], [ 127.059812375827931, 37.672267086055648 ], [ 127.062708840863323, 37.672406300559167 ], [ 127.066559712519989, 37.673798423459303 ], [ 127.066275718938243, 37.670478223436113 ], [ 127.070117918252379, 37.667952893058093 ] ] ] } },
{ "type": "Feature", "properties": { "adm_cd2": "1135072000", "adm_nm": "서울특별시 노원구 상계10동", "sggnm": "노원구", "shannon_mean": 0.2217817381794436, "n_bldg_sum": 75, "n_grid": 34 }, "geometry": { "type": "Polygon", "coordinates": [ [ [ 127.065685086733112, 37.661396230157663 ], [ 127.065212088788201, 37.659400282898666 ], [ 127.062600836441547, 37.6589286946 ], [ 127.061583800959397, 37.657397154972081 ], [ 127.061716103958588, 37.655973481766637 ], [ 127.054181744350757, 37.654481560022823 ], [ 127.0514706872939, 37.661804970487971 ], [ 127.05870156450473, 37.661184409776752 ], [ 127.058039084366641, 37.664582657819878 ], [ 127.061874569113684, 37.665192531732465 ], [ 127.063427443441782, 37.664795589417928 ], [ 127.062927248583762, 37.66138942358544 ], [ 127.065685086733112, 37.661396230157663 ] ] ] } },
{ "type": "Feature", "properties": { "adm_cd2": "1135066500", "adm_nm": "서울특별시 노원구 상계3·4동", "sggnm": "노원구", "shannon_mean": 0.48049221036894579, "n_bldg_sum": 970, "n_grid": 91 }, "geometry": { "type": "Polygon", "coordinates": [ [ [ 127.095923640596396, 37.687716745459483 ], [ 127.095855365911618, 37.684752254443325 ], [ 127.092811429092151, 37.681804565526242 ], [ 127.091827764444488, 37.679187298896515 ], [ 127.095738832029895, 37.67226500448961 ], [ 127.093960316134783, 37.662570667849486 ], [ 127.088803665960455, 37.663721160809743 ], [ 127.078789421247194, 37.661799789805599 ], [ 127.075859740358695, 37.662590343835831 ], [ 127.074410532109027, 37.661493428155921 ], [ 127.070805423253901, 37.665241139974135 ], [ 127.070942083406052, 37.667353013810875 ], [ 127.066275718938243, 37.670478223436113 ], [ 127.066559712519989, 37.673798423459303 ], [ 127.070534687002592, 37.674347009997199 ], [ 127.073624993451176, 37.67678844337712 ], [ 127.07596628253151, 37.684341039225266 ], [ 127.079176608646577, 37.688478385392003 ], [ 127.084925879446061, 37.690843350239724 ], [ 127.094951695269657, 37.689166809112521 ], [ 127.095791955267188, 37.688860985970543 ], [ 127.095923640596396, 37.687716745459483 ] ] ] } },
{ "type": "Feature", "properties": { "adm_cd2": "1135069500", "adm_nm": "서울특별시 노원구 상계6·7동", "sggnm": "노원구", "shannon_mean": 0.11404847758815535, "n_bldg_sum": 162, "n_grid": 70 }, "geometry": { "type": "Polygon", "coordinates": [ [ [ 127.068599723407871, 37.650483957124997 ], [ 127.065767772493132, 37.649275816100001 ], [ 127.061326615117764, 37.645107599850547 ], [ 127.060840785854396, 37.641467767063283 ], [ 127.058878455457005, 37.637632010196377 ], [ 127.054936722993546, 37.640761750913406 ], [ 127.055892536012692, 37.64597057843639 ], [ 127.054361232522183, 37.650408395318756 ], [ 127.054181744350757, 37.654481560022823 ], [ 127.060431598474864, 37.655706374704955 ], [ 127.060777049377251, 37.654362724612248 ], [ 127.067014793022011, 37.655752964501524 ], [ 127.068599723407871, 37.650483957124997 ] ] ] } },
{ "type": "Feature", "properties": { "adm_cd2": "1135062500", "adm_nm": "서울특별시 노원구 중계2·3동", "sggnm": "노원구", "shannon_mean": 0.1791759469228055, "n_bldg_sum": 120, "n_grid": 67 }, "geometry": { "type": "Polygon", "coordinates": [ [ [ 127.070766426607889, 37.645305689734535 ], [ 127.071854539504244, 37.64309798522244 ], [ 127.069358006083831, 37.63939107808168 ], [ 127.061355603633459, 37.637178075892471 ], [ 127.060128203735061, 37.639530642012659 ], [ 127.06119180649921, 37.644900917504046 ], [ 127.065767772493132, 37.649275816100001 ], [ 127.068599723407871, 37.650483957124997 ], [ 127.070766426607889, 37.645305689734535 ] ] ] } },
{ "type": "Feature", "properties": { "adm_cd2": "1135059500", "adm_nm": "서울특별시 노원구 공릉1동", "sggnm": "노원구", "shannon_mean": 0.82200552846717145, "n_bldg_sum": 1122, "n_grid": 98 }, "geometry": { "type": "Polygon", "coordinates": [ [ [ 127.071303020608482, 37.631084554957127 ], [ 127.0761048153487, 37.627577619175739 ], [ 127.078314265712777, 37.621260372243583 ], [ 127.08163723273077, 37.619250941769756 ], [ 127.071403137148351, 37.615627975297905 ], [ 127.07004587887576, 37.623552616157546 ], [ 127.064940299460133, 37.628614083605463 ], [ 127.064392172683512, 37.630783164295835 ], [ 127.071303020608482, 37.631084554957127 ] ] ] } },
{ "type": "Feature", "properties": { "adm_cd2": "1138051000", "adm_nm": "서울특별시 은평구 녹번동", "sggnm": "은평구", "shannon_mean": 0.90582304074146169, "n_bldg_sum": 1687, "n_grid": 94 }, "geometry": { "type": "Polygon", "coordinates": [ [ [ 126.94998323286886, 37.609705232797928 ], [ 126.950343187267492, 37.60784677085806 ], [ 126.947215413478332, 37.607798307120881 ], [ 126.944916495607757, 37.604819911907725 ], [ 126.942417278184379, 37.604823902072816 ], [ 126.940436626392852, 37.602860873769721 ], [ 126.940173858131857, 37.60183210010365 ], [ 126.941208155626256, 37.60090749482427 ], [ 126.940917385969783, 37.599078651202412 ], [ 126.938599500530103, 37.597585567923474 ], [ 126.935545762146461, 37.600842243917512 ], [ 126.927463325406961, 37.601617127980603 ], [ 126.926435399153675, 37.602419661189529 ], [ 126.920631121942151, 37.601733272704038 ], [ 126.923347101018024, 37.607067872226274 ], [ 126.927073503446152, 37.609135423231841 ], [ 126.930737867922559, 37.608503065019882 ], [ 126.932842051154935, 37.609477628705413 ], [ 126.941443209469952, 37.610851507116223 ], [ 126.94998323286886, 37.609705232797928 ] ] ] } },
{ "type": "Feature", "properties": { "adm_cd2": "1138052000", "adm_nm": "서울특별시 은평구 불광1동", "sggnm": "은평구", "shannon_mean": 0.8139988251960748, "n_bldg_sum": 1838, "n_grid": 125 }, "geometry": { "type": "Polygon", "coordinates": [ [ [ 126.953178355652867, 37.625166763369791 ], [ 126.951716339673425, 37.624328550490226 ], [ 126.951240985741762, 37.622792885950638 ], [ 126.950331642608688, 37.618361960313514 ], [ 126.950936677827556, 37.61235961031376 ], [ 126.94998323286886, 37.609705232797928 ], [ 126.940630530085045, 37.610817237589558 ], [ 126.931360870174316, 37.608799003651598 ], [ 126.926575812518607, 37.614377665175212 ], [ 126.921331072409487, 37.618869953110874 ], [ 126.926416869446115, 37.621331835283698 ], [ 126.933545772452447, 37.621725680451441 ], [ 126.937535710641498, 37.62016292056714 ], [ 126.93881492278004, 37.620988101316762 ], [ 126.940905635829964, 37.625703054296274 ], [ 126.942890982718367, 37.625231306053642 ], [ 126.948132433004517, 37.627441651397596 ], [ 126.953178355652867, 37.625166763369791 ] ] ] } },
{ "type": "Feature", "properties": { "adm_cd2": "1138055100", "adm_nm": "서울특별시 은평구 갈현1동", "sggnm": "은평구", "shannon_mean": 0.73846958812203489, "n_bldg_sum": 1927, "n_grid": 70 }, "geometry": { "type": "Polygon", "coordinates": [ [ [ 126.91957619848462, 37.627963762169166 ], [ 126.919863772544957, 37.621583718883471 ], [ 126.921331072409487, 37.618869953110874 ], [ 126.920115361330318, 37.618462951533317 ], [ 126.911394813485245, 37.622573212567417 ], [ 126.907937362984669, 37.625393462742494 ], [ 126.908810735968544, 37.629050501426647 ], [ 126.912081614082112, 37.630407581102688 ], [ 126.915471024734785, 37.631117322415712 ], [ 126.91957619848462, 37.627963762169166 ] ] ] } },
{ "type": "Feature", "properties": { "adm_cd2": "1138055200", "adm_nm": "서울특별시 은평구 갈현2동", "sggnm": "은평구", "shannon_mean": 0.99216428738023343, "n_bldg_sum": 1625, "n_grid": 78 }, "geometry": { "type": "Polygon", "coordinates": [ [ [ 126.920115361330318, 37.618462951533317 ], [ 126.918068366842945, 37.615318475568706 ], [ 126.917286778423914, 37.611299097746915 ], [ 126.910147597912541, 37.614312465052855 ], [ 126.906854838709194, 37.616935288018006 ], [ 126.90520443309569, 37.620024658938554 ], [ 126.90643541231006, 37.624025977756574 ], [ 126.907937362984669, 37.625393462742494 ], [ 126.911394813485245, 37.622573212567417 ], [ 126.920115361330318, 37.618462951533317 ] ] ] } },
{ "type": "Feature", "properties": { "adm_cd2": "1138056000", "adm_nm": "서울특별시 은평구 구산동", "sggnm": "은평구", "shannon_mean": 1.0281432353311892, "n_bldg_sum": 1574, "n_grid": 92 }, "geometry": { "type": "Polygon", "coordinates": [ [ [ 126.917286778423914, 37.611299097746915 ], [ 126.915247884014789, 37.607427969409088 ], [ 126.911525208842235, 37.607531487941664 ], [ 126.909473828211674, 37.605395993854685 ], [ 126.907382888715446, 37.604947236919308 ], [ 126.905021393103411, 37.60468861363205 ], [ 126.901714841356608, 37.605730970114394 ], [ 126.901983639333139, 37.609390636302209 ], [ 126.901031315098322, 37.612457094366327 ], [ 126.903392664216426, 37.618802088206692 ], [ 126.905244725012622, 37.61949872435838 ], [ 126.906854838709194, 37.616935288018006 ], [ 126.910147597912541, 37.614312465052855 ], [ 126.917286778423914, 37.611299097746915 ] ] ] } },
{ "type": "Feature", "properties": { "adm_cd2": "1138057000", "adm_nm": "서울특별시 은평구 대조동", "sggnm": "은평구", "shannon_mean": 0.82429442474586778, "n_bldg_sum": 1739, "n_grid": 82 }, "geometry": { "type": "Polygon", "coordinates": [ [ [ 126.931360870174316, 37.608799003651598 ], [ 126.928834454202871, 37.608411620863066 ], [ 126.927073503446152, 37.609135423231841 ], [ 126.922886127884965, 37.606320964480595 ], [ 126.917286778423914, 37.611299097746915 ], [ 126.918068366842945, 37.615318475568706 ], [ 126.920115361330318, 37.618462951533317 ], [ 126.921331072409487, 37.618869953110874 ], [ 126.926321670135721, 37.614627867054445 ], [ 126.931360870174316, 37.608799003651598 ] ] ] } },
{ "type": "Feature", "properties": { "adm_cd2": "1138058000", "adm_nm": "서울특별시 은평구 응암1동", "sggnm": "은평구", "shannon_mean": 0.89676508944521671, "n_bldg_sum": 1089, "n_grid": 84 }, "geometry": { "type": "Polygon", "coordinates": [ [ [ 126.938599500530103, 37.597585567923474 ], [ 126.932954072183705, 37.596026801683678 ], [ 126.928418418156099, 37.591894809512056 ], [ 126.926683438298554, 37.592882376422061 ], [ 126.926331481700032, 37.595619993534555 ], [ 126.923852315111532, 37.59664520579399 ], [ 126.919095324879493, 37.59600221691376 ], [ 126.915694926687394, 37.597078306042796 ], [ 126.916059191385173, 37.59921181660296 ], [ 126.920631121942151, 37.601733272704038 ], [ 126.926435399153675, 37.602419661189529 ], [ 126.927463325406961, 37.601617127980603 ], [ 126.935545762146461, 37.600842243917512 ], [ 126.938599500530103, 37.597585567923474 ] ] ] } },
{ "type": "Feature", "properties": { "adm_cd2": "1138059000", "adm_nm": "서울특별시 은평구 응암2동", "sggnm": "은평구", "shannon_mean": 0.62766194938805731, "n_bldg_sum": 577, "n_grid": 42 }, "geometry": { "type": "Polygon", "coordinates": [ [ [ 126.928418418156099, 37.591894809512056 ], [ 126.928121034436259, 37.588384898978404 ], [ 126.922819584555768, 37.585622331750429 ], [ 126.92264798651145, 37.588768363234429 ], [ 126.91725082189177, 37.590236898496201 ], [ 126.919095324879493, 37.59600221691376 ], [ 126.922234426944655, 37.596898081513658 ], [ 126.926331481700032, 37.595619993534555 ], [ 126.926683438298554, 37.592882376422061 ], [ 126.928418418156099, 37.591894809512056 ] ] ] } },
{ "type": "Feature", "properties": { "adm_cd2": "1138063100", "adm_nm": "서울특별시 은평구 신사1동", "sggnm": "은평구", "shannon_mean": 1.0097197202702199, "n_bldg_sum": 1214, "n_grid": 64 }, "geometry": { "type": "Polygon", "coordinates": [ [ [ 126.916059191385173, 37.59921181660296 ], [ 126.914480651250884, 37.592296312748999 ], [ 126.906028294604383, 37.598169833467104 ], [ 126.901417780195658, 37.598266382040229 ], [ 126.900260584412422, 37.603154775469939 ], [ 126.902084167325668, 37.603820877787079 ], [ 126.907695007121632, 37.601571038000259 ], [ 126.910319781982281, 37.601994291031041 ], [ 126.913629256461604, 37.601013795949413 ], [ 126.916059191385173, 37.59921181660296 ] ] ] } },
{ "type": "Feature", "properties": { "adm_cd2": "1138063200", "adm_nm": "서울특별시 은평구 신사2동", "sggnm": "은평구", "shannon_mean": 0.68876822948869443, "n_bldg_sum": 1382, "n_grid": 65 }, "geometry": { "type": "Polygon", "coordinates": [ [ [ 126.914480651250884, 37.592296312748999 ], [ 126.913579765669127, 37.588728164689186 ], [ 126.910205456878344, 37.589406510902506 ], [ 126.904279552572063, 37.588321055838627 ], [ 126.899841238591932, 37.589866904828185 ], [ 126.898989091387534, 37.592658975814018 ], [ 126.900556113966957, 37.594297244701991 ], [ 126.901417780195658, 37.598266382040229 ], [ 126.906028294604383, 37.598169833467104 ], [ 126.914480651250884, 37.592296312748999 ] ] ] } },
{ "type": "Feature", "properties": { "adm_cd2": "1138064000", "adm_nm": "서울특별시 은평구 증산동", "sggnm": "은평구", "shannon_mean": 0.72278280342558421, "n_bldg_sum": 1015, "n_grid": 61 }, "geometry": { "type": "Polygon", "coordinates": [ [ [ 126.913579765669127, 37.588728164689186 ], [ 126.912552642969544, 37.586022414033927 ], [ 126.903126961678183, 37.576891886512421 ], [ 126.90163847013622, 37.57591876001031 ], [ 126.898200252972842, 37.578261684023914 ], [ 126.902071206227149, 37.580665390696709 ], [ 126.901416608870861, 37.585065125160085 ], [ 126.903260316904934, 37.587856223592553 ], [ 126.910205456878344, 37.589406510902506 ], [ 126.913579765669127, 37.588728164689186 ] ] ] } },
{ "type": "Feature", "properties": { "adm_cd2": "1138065000", "adm_nm": "서울특별시 은평구 수색동", "sggnm": "은평구", "shannon_mean": 0.64342418082304798, "n_bldg_sum": 583, "n_grid": 63 }, "geometry": { "type": "Polygon", "coordinates": [ [ [ 126.899841238591932, 37.589866904828185 ], [ 126.904279552572063, 37.588321055838627 ], [ 126.902555917434526, 37.587328756039255 ], [ 126.901552823236173, 37.58555817331839 ], [ 126.902071206227149, 37.580665390696709 ], [ 126.898200252972842, 37.578261684023914 ], [ 126.896229836855298, 37.580854116993251 ], [ 126.889919955373344, 37.584441800020279 ], [ 126.882241017540835, 37.59093660473637 ], [ 126.884822476453152, 37.593391561253078 ], [ 126.886580949938875, 37.593835609694857 ], [ 126.885441836819794, 37.591088381708083 ], [ 126.88726180929973, 37.588594477749339 ], [ 126.896961515988423, 37.588620771083697 ], [ 126.899841238591932, 37.589866904828185 ] ] ] } },
{ "type": "Feature", "properties": { "adm_cd2": "1138069000", "adm_nm": "서울특별시 은평구 진관동", "sggnm": "은평구", "shannon_mean": 0.23293419473793428, "n_bldg_sum": 680, "n_grid": 235 }, "geometry": { "type": "Polygon", "coordinates": [ [ [ 126.971785907806378, 37.632285339038738 ], [ 126.969251985820989, 37.630223413318362 ], [ 126.95954222807589, 37.628482583830341 ], [ 126.956752961350688, 37.62536579675912 ], [ 126.953178355652867, 37.625166763369791 ], [ 126.948132433004517, 37.627441651397596 ], [ 126.942890982718367, 37.625231306053642 ], [ 126.940393282871781, 37.626032942773115 ], [ 126.932121239275219, 37.626441445169981 ], [ 126.926145416683468, 37.629552942672923 ], [ 126.91957619848462, 37.627963762169166 ], [ 126.915471024734785, 37.631117322415712 ], [ 126.908810735968544, 37.629050501426647 ], [ 126.907168808935523, 37.630575658206766 ], [ 126.906530709959, 37.6325238386843 ], [ 126.909816780278035, 37.635109124464627 ], [ 126.91082172015804, 37.640160486471629 ], [ 126.912466688196389, 37.641685183540488 ], [ 126.912226825331445, 37.644377663610747 ], [ 126.907584292778409, 37.64649416089275 ], [ 126.90527090887042, 37.648914873430456 ], [ 126.913886712456829, 37.64470720460875 ], [ 126.921268921958628, 37.645557665243899 ], [ 126.929741543434517, 37.650404717547076 ], [ 126.934734725975147, 37.650641689933956 ], [ 126.937042539692953, 37.651930364444361 ], [ 126.941030606454973, 37.657061008319069 ], [ 126.947305315498753, 37.658931544263602 ], [ 126.951250983662888, 37.654950303920366 ], [ 126.954623028174197, 37.654750749045682 ], [ 126.956765404038677, 37.652649262479393 ], [ 126.961731694406836, 37.645159411830548 ], [ 126.96882344891381, 37.638681663829999 ], [ 126.968764042516952, 37.636975618678072 ], [ 126.971785907806378, 37.632285339038738 ] ] ] } },
{ "type": "Feature", "properties": { "adm_cd2": "1138053000", "adm_nm": "서울특별시 은평구 불광2동", "sggnm": "은평구", "shannon_mean": 0.83334854888680299, "n_bldg_sum": 2245, "n_grid": 95 }, "geometry": { "type": "Polygon", "coordinates": [ [ [ 126.940905635829964, 37.625703054296274 ], [ 126.93881492278004, 37.620988101316762 ], [ 126.937535710641498, 37.62016292056714 ], [ 126.933545772452447, 37.621725680451441 ], [ 126.926416869446115, 37.621331835283698 ], [ 126.921331072409487, 37.618869953110874 ], [ 126.919863772544957, 37.621583718883471 ], [ 126.91957619848462, 37.627963762169166 ], [ 126.92685138598749, 37.629480909844652 ], [ 126.932121239275219, 37.626441445169981 ], [ 126.940905635829964, 37.625703054296274 ] ] ] } },
{ "type": "Feature", "properties": { "adm_cd2": "1138060000", "adm_nm": "서울특별시 은평구 응암3동", "sggnm": "은평구", "shannon_mean": 0.76812453971533723, "n_bldg_sum": 1779, "n_grid": 72 }, "geometry": { "type": "Polygon", "coordinates": [ [ [ 126.919095324879493, 37.59600221691376 ], [ 126.91725082189177, 37.590236898496201 ], [ 126.92264798651145, 37.588768363234429 ], [ 126.923024656760418, 37.585000344923692 ], [ 126.920814774592529, 37.58291235081159 ], [ 126.915825094117906, 37.583144222903734 ], [ 126.915442655996898, 37.585492919519254 ], [ 126.91314787173016, 37.587034862643868 ], [ 126.915694926687394, 37.597078306042796 ], [ 126.919095324879493, 37.59600221691376 ] ] ] } },
{ "type": "Feature", "properties": { "adm_cd2": "1138062500", "adm_nm": "서울특별시 은평구 역촌동", "sggnm": "은평구", "shannon_mean": 0.98402521498903051, "n_bldg_sum": 2480, "n_grid": 100 }, "geometry": { "type": "Polygon", "coordinates": [ [ [ 126.922886127884965, 37.606320964480595 ], [ 126.920631121942151, 37.601733272704038 ], [ 126.916059191385173, 37.59921181660296 ], [ 126.913285123772923, 37.601150549345576 ], [ 126.910319781982281, 37.601994291031041 ], [ 126.907695007121632, 37.601571038000259 ], [ 126.902084167325668, 37.603820877787079 ], [ 126.901714841356608, 37.605730970114394 ], [ 126.905021393103411, 37.60468861363205 ], [ 126.907382888715446, 37.604947236919308 ], [ 126.909473828211674, 37.605395993854685 ], [ 126.911525208842235, 37.607531487941664 ], [ 126.915247884014789, 37.607427969409088 ], [ 126.917286778423914, 37.611299097746915 ], [ 126.922886127884965, 37.606320964480595 ] ] ] } },
{ "type": "Feature", "properties": { "adm_cd2": "1141052000", "adm_nm": "서울특별시 서대문구 천연동", "sggnm": "서대문구", "shannon_mean": 0.42442673662723651, "n_bldg_sum": 534, "n_grid": 51 }, "geometry": { "type": "Polygon", "coordinates": [ [ [ 126.959570737810694, 37.572961218450786 ], [ 126.9658121875202, 37.566669014627273 ], [ 126.958936447088647, 37.565540260720972 ], [ 126.956412280570319, 37.566777029665722 ], [ 126.953667440470682, 37.569344443107227 ], [ 126.953694875487827, 37.570526476290901 ], [ 126.951775102455557, 37.571733265864246 ], [ 126.950780844543416, 37.574893491069979 ], [ 126.952809868156933, 37.578153684089088 ], [ 126.953923956205529, 37.578490716235244 ], [ 126.959570737810694, 37.572961218450786 ] ] ] } },
{ "type": "Feature", "properties": { "adm_cd2": "1141062000", "adm_nm": "서울특별시 서대문구 홍제1동", "sggnm": "서대문구", "shannon_mean": 0.79704392654691181, "n_bldg_sum": 894, "n_grid": 79 }, "geometry": { "type": "Polygon", "coordinates": [ [ [ 126.941841345790763, 37.590931530944665 ], [ 126.953923956205529, 37.578490716235244 ], [ 126.952809868156933, 37.578153684089088 ], [ 126.950780844543416, 37.574893491069979 ], [ 126.951775102455557, 37.571733265864246 ], [ 126.953694875487827, 37.570526476290901 ], [ 126.953667440470682, 37.569344443107227 ], [ 126.949692238464806, 37.568456185881843 ], [ 126.947671557476525, 37.572790068605585 ], [ 126.949039031698533, 37.575652643803906 ], [ 126.944710177198132, 37.577459827213744 ], [ 126.941870741462282, 37.580828736691323 ], [ 126.940842578414092, 37.58390646283884 ], [ 126.937193901767316, 37.582543108514699 ], [ 126.935869890865874, 37.584544148521125 ], [ 126.935360760437362, 37.586345538916625 ], [ 126.936123680896998, 37.588060610098907 ], [ 126.940990578790249, 37.591187756240771 ], [ 126.941841345790763, 37.590931530944665 ] ] ] } },
{ "type": "Feature", "properties": { "adm_cd2": "1141064000", "adm_nm": "서울특별시 서대문구 홍제3동", "sggnm": "서대문구", "shannon_mean": 0.57873318985344868, "n_bldg_sum": 909, "n_grid": 56 }, "geometry": { "type": "Polygon", "coordinates": [ [ [ 126.956303458066444, 37.595662365631078 ], [ 126.957929061313536, 37.58879364348914 ], [ 126.956894000654685, 37.585420104684566 ], [ 126.951434252978615, 37.58915465749061 ], [ 126.946573093849551, 37.588940429534347 ], [ 126.944982478667242, 37.588079003967209 ], [ 126.941841345790763, 37.590931530944665 ], [ 126.94467152273026, 37.591810158004932 ], [ 126.947200317061061, 37.594682660769479 ], [ 126.946490284174672, 37.596680311355136 ], [ 126.947367010927024, 37.598467947201215 ], [ 126.949838908494542, 37.598054738924645 ], [ 126.951387904382784, 37.595698389437196 ], [ 126.956303458066444, 37.595662365631078 ] ] ] } },
{ "type": "Feature", "properties": { "adm_cd2": "1141065500", "adm_nm": "서울특별시 서대문구 홍제2동", "sggnm": "서대문구", "shannon_mean": 0.63253315304184976, "n_bldg_sum": 345, "n_grid": 35 }, "geometry": { "type": "Polygon", "coordinates": [ [ [ 126.956894000654685, 37.585420104684566 ], [ 126.960673532738952, 37.580797842029732 ], [ 126.957001888470259, 37.581583205322538 ], [ 126.955794839929382, 37.580729256827432 ], [ 126.955455144570337, 37.578970069604239 ], [ 126.953556016669452, 37.578875665809477 ], [ 126.944982478667242, 37.588079003967209 ], [ 126.946573093849551, 37.588940429534347 ], [ 126.950994302143926, 37.589295700057008 ], [ 126.956894000654685, 37.585420104684566 ] ] ] } },
{ "type": "Feature", "properties": { "adm_cd2": "1141066000", "adm_nm": "서울특별시 서대문구 홍은1동", "sggnm": "서대문구", "shannon_mean": 0.37641497050367184, "n_bldg_sum": 1053, "n_grid": 80 }, "geometry": { "type": "Polygon", "coordinates": [ [ [ 126.953376321249763, 37.605366284050788 ], [ 126.952749308815697, 37.600406123595477 ], [ 126.954093263161255, 37.598551078811226 ], [ 126.957054880455601, 37.598552347020352 ], [ 126.956303458066444, 37.595662365631078 ], [ 126.951387904382784, 37.595698389437196 ], [ 126.949838908494542, 37.598054738924645 ], [ 126.947367010927024, 37.598467947201215 ], [ 126.946490284174672, 37.596680311355136 ], [ 126.947200317061061, 37.594682660769479 ], [ 126.94467152273026, 37.591810158004932 ], [ 126.941841345790763, 37.590931530944665 ], [ 126.940869389454818, 37.594341435412346 ], [ 126.938599500530103, 37.597585567923474 ], [ 126.940917385969783, 37.599078651202412 ], [ 126.941208155626256, 37.60090749482427 ], [ 126.940173858131857, 37.60183210010365 ], [ 126.940436626392852, 37.602860873769721 ], [ 126.942417278184379, 37.604823902072816 ], [ 126.944916495607757, 37.604819911907725 ], [ 126.947215413478332, 37.607798307120881 ], [ 126.949987506607769, 37.607702054898674 ], [ 126.950736878576706, 37.608320203595696 ], [ 126.953376321249763, 37.605366284050788 ] ] ] } },
{ "type": "Feature", "properties": { "adm_cd2": "1141068500", "adm_nm": "서울특별시 서대문구 홍은2동", "sggnm": "서대문구", "shannon_mean": 0.84674047516601469, "n_bldg_sum": 1539, "n_grid": 117 }, "geometry": { "type": "Polygon", "coordinates": [ [ [ 126.938599500530103, 37.597585567923474 ], [ 126.940869389454818, 37.594341435412346 ], [ 126.941451271017741, 37.591400625859521 ], [ 126.9368022481775, 37.58866662223091 ], [ 126.935499229175591, 37.587037981279607 ], [ 126.935553148618908, 37.585202836046292 ], [ 126.937705853038963, 37.581098526125004 ], [ 126.92730611671081, 37.575936737216722 ], [ 126.922819584555768, 37.585622331750429 ], [ 126.928121034436259, 37.588384898978404 ], [ 126.92826453724085, 37.591650702131609 ], [ 126.930662676933167, 37.594490251546858 ], [ 126.933657829911951, 37.596398603724012 ], [ 126.938599500530103, 37.597585567923474 ] ] ] } },
{ "type": "Feature", "properties": { "adm_cd2": "1141069000", "adm_nm": "서울특별시 서대문구 남가좌1동", "sggnm": "서대문구", "shannon_mean": 0.53435399043846399, "n_bldg_sum": 51, "n_grid": 14 }, "geometry": { "type": "Polygon", "coordinates": [ [ [ 126.921894887232824, 37.571906187640458 ], [ 126.916854401597547, 37.567887322535029 ], [ 126.911805113275136, 37.570278988464558 ], [ 126.911283968452082, 37.572175863867997 ], [ 126.915132247383951, 37.575161618635143 ], [ 126.917018754886527, 37.575039169448942 ], [ 126.921894887232824, 37.571906187640458 ] ] ] } },
{ "type": "Feature", "properties": { "adm_cd2": "1141070000", "adm_nm": "서울특별시 서대문구 남가좌2동", "sggnm": "서대문구", "shannon_mean": 0.60249515067774362, "n_bldg_sum": 1210, "n_grid": 64 }, "geometry": { "type": "Polygon", "coordinates": [ [ [ 126.92730611671081, 37.575936737216722 ], [ 126.921894887232824, 37.571906187640458 ], [ 126.917018754886527, 37.575039169448942 ], [ 126.914530040597072, 37.575240914344668 ], [ 126.915560710343854, 37.578389460841144 ], [ 126.918101086665445, 37.580481858810906 ], [ 126.921531755407528, 37.580879537119081 ], [ 126.920814774592529, 37.58291235081159 ], [ 126.923024656760418, 37.585000344923692 ], [ 126.92730611671081, 37.575936737216722 ] ] ] } },
{ "type": "Feature", "properties": { "adm_cd2": "1141071000", "adm_nm": "서울특별시 서대문구 북가좌1동", "sggnm": "서대문구", "shannon_mean": 0.70882927208123159, "n_bldg_sum": 463, "n_grid": 48 }, "geometry": { "type": "Polygon", "coordinates": [ [ [ 126.914530040597072, 37.575240914344668 ], [ 126.915132247383951, 37.575161618635143 ], [ 126.911395982484549, 37.572581148093469 ], [ 126.911805113275136, 37.570278988464558 ], [ 126.901607445194486, 37.575462298173171 ], [ 126.906294302678148, 37.580118862505039 ], [ 126.912778520626631, 37.575561210911175 ], [ 126.914530040597072, 37.575240914344668 ] ] ] } },
{ "type": "Feature", "properties": { "adm_cd2": "1141072000", "adm_nm": "서울특별시 서대문구 북가좌2동", "sggnm": "서대문구", "shannon_mean": 0.91654987902045859, "n_bldg_sum": 1977, "n_grid": 81 }, "geometry": { "type": "Polygon", "coordinates": [ [ [ 126.920814774592529, 37.58291235081159 ], [ 126.921531755407528, 37.580879537119081 ], [ 126.918101086665445, 37.580481858810906 ], [ 126.915560710343854, 37.578389460841144 ], [ 126.914530040597072, 37.575240914344668 ], [ 126.912778520626631, 37.575561210911175 ], [ 126.906294302678148, 37.580118862505039 ], [ 126.91314787173016, 37.587034862643868 ], [ 126.915442655996898, 37.585492919519254 ], [ 126.915825094117906, 37.583144222903734 ], [ 126.920814774592529, 37.58291235081159 ] ] ] } },
{ "type": "Feature", "properties": { "adm_cd2": "1141056500", "adm_nm": "서울특별시 서대문구 충현동", "sggnm": "서대문구", "shannon_mean": 0.52575151851284363, "n_bldg_sum": 1447, "n_grid": 87 }, "geometry": { "type": "Polygon", "coordinates": [ [ [ 126.9658121875202, 37.566669014627273 ], [ 126.969592461756264, 37.562013622451509 ], [ 126.963758536108458, 37.559349729558868 ], [ 126.962067901040683, 37.559260916560895 ], [ 126.959226936692446, 37.561970005252462 ], [ 126.949595477929805, 37.560198958851934 ], [ 126.949692238464806, 37.568456185881843 ], [ 126.953667440470682, 37.569344443107227 ], [ 126.958936447088647, 37.565540260720972 ], [ 126.9658121875202, 37.566669014627273 ] ] ] } },
{ "type": "Feature", "properties": { "adm_cd2": "1141055500", "adm_nm": "서울특별시 서대문구 북아현동", "sggnm": "서대문구", "shannon_mean": 0.2591159849988629, "n_bldg_sum": 710, "n_grid": 27 }, "geometry": { "type": "Polygon", "coordinates": [ [ [ 126.962067901040683, 37.559260916560895 ], [ 126.95870842292932, 37.556659821914863 ], [ 126.957069314416614, 37.557479147874361 ], [ 126.948846951556831, 37.556970794758904 ], [ 126.949864770539762, 37.559809739755707 ], [ 126.953430737699264, 37.561151255611236 ], [ 126.959226936692446, 37.561970005252462 ], [ 126.962067901040683, 37.559260916560895 ] ] ] } },
{ "type": "Feature", "properties": { "adm_cd2": "1141058500", "adm_nm": "서울특별시 서대문구 신촌동", "sggnm": "서대문구", "shannon_mean": 0.51364061668743011, "n_bldg_sum": 1126, "n_grid": 107 }, "geometry": { "type": "Polygon", "coordinates": [ [ [ 126.949692238464806, 37.568456185881843 ], [ 126.950001105881597, 37.566475111128767 ], [ 126.949215427733279, 37.565156177389447 ], [ 126.949864770539762, 37.559809739755707 ], [ 126.948846951556831, 37.556970794758904 ], [ 126.941047680324473, 37.556443403455859 ], [ 126.93686652452007, 37.555103199908011 ], [ 126.926625304720801, 37.558831594500141 ], [ 126.927198908163177, 37.56182912348396 ], [ 126.928477627339902, 37.560991397819272 ], [ 126.931174543617104, 37.561087810369152 ], [ 126.934474391045782, 37.566233446657428 ], [ 126.939310629297026, 37.569405885522762 ], [ 126.943364583822557, 37.570901851487278 ], [ 126.944042302846455, 37.572180447898248 ], [ 126.943488263045737, 37.574539278658165 ], [ 126.944737086302467, 37.57659805177294 ], [ 126.9467513512501, 37.576812565933082 ], [ 126.949039031698533, 37.575652643803906 ], [ 126.947671557476525, 37.572790068605585 ], [ 126.949692238464806, 37.568456185881843 ] ] ] } },
{ "type": "Feature", "properties": { "adm_cd2": "1141061500", "adm_nm": "서울특별시 서대문구 연희동", "sggnm": "서대문구", "shannon_mean": 0.55406987902855565, "n_bldg_sum": 3043, "n_grid": 201 }, "geometry": { "type": "Polygon", "coordinates": [ [ [ 126.9467513512501, 37.576812565933082 ], [ 126.944737086302467, 37.57659805177294 ], [ 126.943530410497715, 37.574678140144513 ], [ 126.944042302846455, 37.572180447898248 ], [ 126.943364583822557, 37.570901851487278 ], [ 126.939310629297026, 37.569405885522762 ], [ 126.934474391045782, 37.566233446657428 ], [ 126.933062487233386, 37.563123550124892 ], [ 126.930821183414153, 37.560960514727974 ], [ 126.928477627339902, 37.560991397819272 ], [ 126.927198908163177, 37.56182912348396 ], [ 126.928246698836716, 37.563343932616462 ], [ 126.925686206145215, 37.565291929303335 ], [ 126.916854401597547, 37.567887322535029 ], [ 126.92730611671081, 37.575936737216722 ], [ 126.937389646110518, 37.580647235730012 ], [ 126.937902257246634, 37.581618824393161 ], [ 126.937193901767316, 37.582543108514699 ], [ 126.940842578414092, 37.58390646283884 ], [ 126.941870741462282, 37.580828736691323 ], [ 126.944710177198132, 37.577459827213744 ], [ 126.9467513512501, 37.576812565933082 ] ] ] } },
{ "type": "Feature", "properties": { "adm_cd2": "1144059000", "adm_nm": "서울특별시 마포구 용강동", "sggnm": "마포구", "shannon_mean": 0.63219745554273621, "n_bldg_sum": 327, "n_grid": 45 }, "geometry": { "type": "Polygon", "coordinates": [ [ [ 126.944528188807396, 37.545147999895136 ], [ 126.947805133924135, 37.543360597883201 ], [ 126.950697124076569, 37.543397772139691 ], [ 126.943749464569095, 37.53798195499445 ], [ 126.937087582405567, 37.534305583666821 ], [ 126.934006293355495, 37.536335807586298 ], [ 126.937061003894684, 37.542161813938307 ], [ 126.940731408753138, 37.546613890545082 ], [ 126.944528188807396, 37.545147999895136 ] ] ] } },
{ "type": "Feature", "properties": { "adm_cd2": "1144060000", "adm_nm": "서울특별시 마포구 대흥동", "sggnm": "마포구", "shannon_mean": 0.36235682315174311, "n_bldg_sum": 951, "n_grid": 63 }, "geometry": { "type": "Polygon", "coordinates": [ [ [ 126.946812204596114, 37.556849451336603 ], [ 126.946666760460204, 37.553057832620482 ], [ 126.943748573723283, 37.547433723625765 ], [ 126.944528188807396, 37.545147999895136 ], [ 126.940731408753138, 37.546613890545082 ], [ 126.937461337991081, 37.550648789161151 ], [ 126.93371808160218, 37.553109645101486 ], [ 126.93686652452007, 37.555103199908011 ], [ 126.941047680324473, 37.556443403455859 ], [ 126.946812204596114, 37.556849451336603 ] ] ] } },
{ "type": "Feature", "properties": { "adm_cd2": "1144061000", "adm_nm": "서울특별시 마포구 염리동", "sggnm": "마포구", "shannon_mean": 0.57043187771796511, "n_bldg_sum": 588, "n_grid": 39 }, "geometry": { "type": "Polygon", "coordinates": [ [ [ 126.949681604115952, 37.543818926683031 ], [ 126.947805133924135, 37.543360597883201 ], [ 126.945517840430156, 37.544494701765103 ], [ 126.943739296340311, 37.546968358803127 ], [ 126.946666760460204, 37.553057832620482 ], [ 126.946812204596114, 37.556849451336603 ], [ 126.948846951556831, 37.556970794758904 ], [ 126.948762709215785, 37.555427408559908 ], [ 126.950648087880268, 37.55297439022646 ], [ 126.949977000756419, 37.547625147213928 ], [ 126.947769138078158, 37.545369353496831 ], [ 126.949681604115952, 37.543818926683031 ] ] ] } },
{ "type": "Feature", "properties": { "adm_cd2": "1144063000", "adm_nm": "서울특별시 마포구 신수동", "sggnm": "마포구", "shannon_mean": 0.64545465098832011, "n_bldg_sum": 744, "n_grid": 62 }, "geometry": { "type": "Polygon", "coordinates": [ [ [ 126.940731408753138, 37.546613890545082 ], [ 126.937061003894684, 37.542161813938307 ], [ 126.934006293355495, 37.536335807586298 ], [ 126.925465417489761, 37.537822304766586 ], [ 126.931903896000861, 37.545460839094751 ], [ 126.93371808160218, 37.553109645101486 ], [ 126.937461337991081, 37.550648789161151 ], [ 126.940731408753138, 37.546613890545082 ] ] ] } },
{ "type": "Feature", "properties": { "adm_cd2": "1144066000", "adm_nm": "서울특별시 마포구 서교동", "sggnm": "마포구", "shannon_mean": 0.66675700061658916, "n_bldg_sum": 1459, "n_grid": 141 }, "geometry": { "type": "Polygon", "coordinates": [ [ [ 126.913534779295262, 37.549483237084374 ], [ 126.911658235926708, 37.55421956099341 ], [ 126.909089265990858, 37.557656683789453 ], [ 126.917602078244144, 37.558838154880341 ], [ 126.91877993188389, 37.557540433902552 ], [ 126.927142875285298, 37.56175108622682 ], [ 126.926625304720801, 37.558831594500141 ], [ 126.93686652452007, 37.555103199908011 ], [ 126.93407931603565, 37.553424478912802 ], [ 126.930944905489355, 37.554713564545864 ], [ 126.925042726904991, 37.553174745270724 ], [ 126.924096081735982, 37.552227062475779 ], [ 126.924235535632889, 37.550929802965541 ], [ 126.920295420246148, 37.548313531134241 ], [ 126.915085567807907, 37.549177904658549 ], [ 126.914387707503565, 37.549765052210525 ], [ 126.915409112029849, 37.550882153836795 ], [ 126.913534779295262, 37.549483237084374 ] ] ] } },
{ "type": "Feature", "properties": { "adm_cd2": "1144068000", "adm_nm": "서울특별시 마포구 합정동", "sggnm": "마포구", "shannon_mean": 0.92740438715902584, "n_bldg_sum": 1115, "n_grid": 71 }, "geometry": { "type": "Polygon", "coordinates": [ [ [ 126.913534779295262, 37.549483237084374 ], [ 126.915409112029849, 37.550882153836795 ], [ 126.914387707503565, 37.549765052210525 ], [ 126.915085567807907, 37.549177904658549 ], [ 126.920295420246148, 37.548313531134241 ], [ 126.91451019650998, 37.540155932725298 ], [ 126.904045872318534, 37.542841457071404 ], [ 126.89675635222676, 37.546317373088343 ], [ 126.902835256310581, 37.551463463644218 ], [ 126.911658235926708, 37.55421956099341 ], [ 126.913534779295262, 37.549483237084374 ] ] ] } },
{ "type": "Feature", "properties": { "adm_cd2": "1144069000", "adm_nm": "서울특별시 마포구 망원1동", "sggnm": "마포구", "shannon_mean": 0.89946048243647381, "n_bldg_sum": 1259, "n_grid": 56 }, "geometry": { "type": "Polygon", "coordinates": [ [ [ 126.908797589559725, 37.557418691645879 ], [ 126.911658235926708, 37.55421956099341 ], [ 126.902835256310581, 37.551463463644218 ], [ 126.89675635222676, 37.546317373088343 ], [ 126.889754400702941, 37.550171838139178 ], [ 126.896899197007272, 37.555710177499357 ], [ 126.908188978122752, 37.558047751522338 ], [ 126.908797589559725, 37.557418691645879 ] ] ] } },
{ "type": "Feature", "properties": { "adm_cd2": "1144070000", "adm_nm": "서울특별시 마포구 망원2동", "sggnm": "마포구", "shannon_mean": 0.92331548183533119, "n_bldg_sum": 796, "n_grid": 48 }, "geometry": { "type": "Polygon", "coordinates": [ [ [ 126.904304870406591, 37.562397559411991 ], [ 126.908188978122752, 37.558047751522338 ], [ 126.896899197007272, 37.555710177499357 ], [ 126.889754400702941, 37.550171838139178 ], [ 126.883166284349187, 37.554465228435177 ], [ 126.901960222718586, 37.56303343439582 ], [ 126.903337288170633, 37.56330283738474 ], [ 126.904304870406591, 37.562397559411991 ] ] ] } },
{ "type": "Feature", "properties": { "adm_cd2": "1144071000", "adm_nm": "서울특별시 마포구 연남동", "sggnm": "마포구", "shannon_mean": 0.74283917197920923, "n_bldg_sum": 1301, "n_grid": 66 }, "geometry": { "type": "Polygon", "coordinates": [ [ [ 126.927198908163177, 37.56182912348396 ], [ 126.91877993188389, 37.557540433902552 ], [ 126.917602078244144, 37.558838154880341 ], [ 126.91811477066679, 37.560983607272242 ], [ 126.916662923311947, 37.566938836606681 ], [ 126.917741801760783, 37.567443282041218 ], [ 126.925686206145215, 37.565291929303335 ], [ 126.928246698836716, 37.563343932616462 ], [ 126.927198908163177, 37.56182912348396 ] ] ] } },
{ "type": "Feature", "properties": { "adm_cd2": "1144072000", "adm_nm": "서울특별시 마포구 성산1동", "sggnm": "마포구", "shannon_mean": 0.94825518598793812, "n_bldg_sum": 1295, "n_grid": 75 }, "geometry": { "type": "Polygon", "coordinates": [ [ [ 126.917602078244144, 37.558838154880341 ], [ 126.908797589559725, 37.557418691645879 ], [ 126.903584092417447, 37.563372541552958 ], [ 126.916662923311947, 37.566938836606681 ], [ 126.91811477066679, 37.560983607272242 ], [ 126.917602078244144, 37.558838154880341 ] ] ] } },
{ "type": "Feature", "properties": { "adm_cd2": "1144073000", "adm_nm": "서울특별시 마포구 성산2동", "sggnm": "마포구", "shannon_mean": 0.78026807913704876, "n_bldg_sum": 823, "n_grid": 86 }, "geometry": { "type": "Polygon", "coordinates": [ [ [ 126.911805113275136, 37.570278988464558 ], [ 126.917741801760783, 37.567443282041218 ], [ 126.903584092417447, 37.563372541552958 ], [ 126.904304870406591, 37.562397559411991 ], [ 126.902355399502113, 37.563174017211459 ], [ 126.894321512605686, 37.559890488821104 ], [ 126.893644012781962, 37.561411451230782 ], [ 126.895100856838411, 37.565201148513701 ], [ 126.894858296717857, 37.566491080099837 ], [ 126.891163375327977, 37.569704524121192 ], [ 126.892144193127024, 37.572853009951878 ], [ 126.899101299425539, 37.573251515130295 ], [ 126.901607445194486, 37.575462298173171 ], [ 126.911805113275136, 37.570278988464558 ] ] ] } },
{ "type": "Feature", "properties": { "adm_cd2": "1144074000", "adm_nm": "서울특별시 마포구 상암동", "sggnm": "마포구", "shannon_mean": 0.43704341099915817, "n_bldg_sum": 491, "n_grid": 94 }, "geometry": { "type": "Polygon", "coordinates": [ [ [ 126.898200252972842, 37.578261684023914 ], [ 126.90163847013622, 37.57591876001031 ], [ 126.903126961678183, 37.576891886512421 ], [ 126.900294056297312, 37.573838849188924 ], [ 126.894780713723435, 37.572668261051263 ], [ 126.892307711647419, 37.57293722599433 ], [ 126.891217356888887, 37.570897954051084 ], [ 126.891970685507346, 37.568385567549214 ], [ 126.894858296717857, 37.566491080099837 ], [ 126.895100856838411, 37.565201148513701 ], [ 126.893644012781962, 37.561411451230782 ], [ 126.894321512605686, 37.559890488821104 ], [ 126.883166284349187, 37.554465228435177 ], [ 126.866283912568235, 37.565891608537733 ], [ 126.858403485813568, 37.569621158938702 ], [ 126.857414335969551, 37.571072571660849 ], [ 126.857845228080706, 37.575621053048494 ], [ 126.864954081819732, 37.575836706681763 ], [ 126.873345125796192, 37.578846653578651 ], [ 126.877076568966586, 37.578902943249219 ], [ 126.877631667070119, 37.579748480666566 ], [ 126.876634428043374, 37.581559078118282 ], [ 126.876671821981873, 37.584121335104435 ], [ 126.880286489899774, 37.589640793863097 ], [ 126.882241017540835, 37.59093660473637 ], [ 126.889919955373344, 37.584441800020279 ], [ 126.896229836855298, 37.580854116993251 ], [ 126.898200252972842, 37.578261684023914 ] ] ] } },
{ "type": "Feature", "properties": { "adm_cd2": "1144058500", "adm_nm": "서울특별시 마포구 도화동", "sggnm": "마포구", "shannon_mean": 0.43047678017266111, "n_bldg_sum": 577, "n_grid": 52 }, "geometry": { "type": "Polygon", "coordinates": [ [ [ 126.956400908531023, 37.540584973834626 ], [ 126.951310244140828, 37.536294622250331 ], [ 126.946395538453771, 37.535742169963399 ], [ 126.945081515639444, 37.534934898649688 ], [ 126.943570435574756, 37.529418283158478 ], [ 126.937087582405567, 37.534305583666821 ], [ 126.943749464569095, 37.53798195499445 ], [ 126.950697124076569, 37.543397772139691 ], [ 126.956400908531023, 37.540584973834626 ] ] ] } },
{ "type": "Feature", "properties": { "adm_cd2": "1144065500", "adm_nm": "서울특별시 마포구 서강동", "sggnm": "마포구", "shannon_mean": 0.7736795623773205, "n_bldg_sum": 833, "n_grid": 85 }, "geometry": { "type": "Polygon", "coordinates": [ [ [ 126.93407931603565, 37.553424478912802 ], [ 126.93295985322726, 37.551482131783004 ], [ 126.931903896000861, 37.545460839094751 ], [ 126.925465417489761, 37.537822304766586 ], [ 126.91451019650998, 37.540155932725298 ], [ 126.920295420246148, 37.548313531134241 ], [ 126.924235535632889, 37.550929802965541 ], [ 126.924096081735982, 37.552227062475779 ], [ 126.925042726904991, 37.553174745270724 ], [ 126.930944905489355, 37.554713564545864 ], [ 126.93407931603565, 37.553424478912802 ] ] ] } },
{ "type": "Feature", "properties": { "adm_cd2": "1144056500", "adm_nm": "서울특별시 마포구 공덕동", "sggnm": "마포구", "shannon_mean": 0.38449425603189807, "n_bldg_sum": 1695, "n_grid": 87 }, "geometry": { "type": "Polygon", "coordinates": [ [ [ 126.962386874394127, 37.551503993982486 ], [ 126.963199620272661, 37.548677481110552 ], [ 126.958629337918765, 37.545581887480019 ], [ 126.957700253941269, 37.54208264069797 ], [ 126.956400908531023, 37.540584973834626 ], [ 126.950465699546228, 37.543541550289497 ], [ 126.953989682833097, 37.548076473103087 ], [ 126.95870842292932, 37.556659821914863 ], [ 126.961483486396077, 37.558853771875889 ], [ 126.963036620826671, 37.558182581821896 ], [ 126.96321591360271, 37.557150258987342 ], [ 126.96170270446936, 37.555342928381329 ], [ 126.962386874394127, 37.551503993982486 ] ] ] } },
{ "type": "Feature", "properties": { "adm_cd2": "1144055500", "adm_nm": "서울특별시 마포구 아현동", "sggnm": "마포구", "shannon_mean": 0.21631641644398902, "n_bldg_sum": 237, "n_grid": 39 }, "geometry": { "type": "Polygon", "coordinates": [ [ [ 126.95870842292932, 37.556659821914863 ], [ 126.9506424895186, 37.543422322203952 ], [ 126.947879226979552, 37.544643208927596 ], [ 126.947769138078158, 37.545369353496831 ], [ 126.949977000756419, 37.547625147213928 ], [ 126.950648087880268, 37.55297439022646 ], [ 126.948762709215785, 37.555427408559908 ], [ 126.948846951556831, 37.556970794758904 ], [ 126.957069314416614, 37.557479147874361 ], [ 126.95870842292932, 37.556659821914863 ] ] ] } },
{ "type": "Feature", "properties": { "adm_cd2": "1147051000", "adm_nm": "서울특별시 양천구 목1동", "sggnm": "양천구", "shannon_mean": 0.55545263434633985, "n_bldg_sum": 214, "n_grid": 51 }, "geometry": { "type": "Polygon", "coordinates": [ [ [ 126.888481900902136, 37.530720970603063 ], [ 126.886314371996889, 37.528055268390773 ], [ 126.880509929506971, 37.525226275154424 ], [ 126.879822758019642, 37.522195303200071 ], [ 126.868590338383513, 37.523963223415215 ], [ 126.865396818593794, 37.522567075611413 ], [ 126.864317741393265, 37.526211143461495 ], [ 126.864011035351155, 37.529799695259463 ], [ 126.881480133065097, 37.531894579996013 ], [ 126.888481900902136, 37.530720970603063 ] ] ] } },
{ "type": "Feature", "properties": { "adm_cd2": "1147052000", "adm_nm": "서울특별시 양천구 목2동", "sggnm": "양천구", "shannon_mean": 1.0136737232726021, "n_bldg_sum": 1316, "n_grid": 82 }, "geometry": { "type": "Polygon", "coordinates": [ [ [ 126.885156944634431, 37.543589608121742 ], [ 126.881887704518761, 37.543578173447322 ], [ 126.87749095637065, 37.541497753115912 ], [ 126.872669157001738, 37.537572784526198 ], [ 126.867930744694064, 37.54025493633177 ], [ 126.866162699431342, 37.544109979726251 ], [ 126.868534846979756, 37.547224445217715 ], [ 126.870048715915871, 37.546992570017608 ], [ 126.870701949465669, 37.547651760349119 ], [ 126.875013096853465, 37.546955834367203 ], [ 126.880713846322109, 37.547870316568741 ], [ 126.885156944634431, 37.543589608121742 ] ] ] } },
{ "type": "Feature", "properties": { "adm_cd2": "1147053000", "adm_nm": "서울특별시 양천구 목3동", "sggnm": "양천구", "shannon_mean": 0.8397357175984056, "n_bldg_sum": 862, "n_grid": 49 }, "geometry": { "type": "Polygon", "coordinates": [ [ [ 126.864982854506351, 37.550928043684614 ], [ 126.870701949465669, 37.547651760349119 ], [ 126.870048715915871, 37.546992570017608 ], [ 126.868534846979756, 37.547224445217715 ], [ 126.866266280259126, 37.544494734234057 ], [ 126.868467299833725, 37.539791367628915 ], [ 126.863672357831675, 37.539283396166034 ], [ 126.862174458124016, 37.544475505679898 ], [ 126.864284731134632, 37.551389512302173 ], [ 126.864982854506351, 37.550928043684614 ] ] ] } },
{ "type": "Feature", "properties": { "adm_cd2": "1147054000", "adm_nm": "서울특별시 양천구 목4동", "sggnm": "양천구", "shannon_mean": 0.89387784661990699, "n_bldg_sum": 1039, "n_grid": 55 }, "geometry": { "type": "Polygon", "coordinates": [ [ [ 126.872669157001738, 37.537572784526198 ], [ 126.870151327787184, 37.535392769209949 ], [ 126.867187103558194, 37.530220089276206 ], [ 126.864011035351155, 37.529799695259463 ], [ 126.863672357831675, 37.539283396166034 ], [ 126.868467299833725, 37.539791367628915 ], [ 126.872669157001738, 37.537572784526198 ] ] ] } },
{ "type": "Feature", "properties": { "adm_cd2": "1147056000", "adm_nm": "서울특별시 양천구 신월1동", "sggnm": "양천구", "shannon_mean": 0.63067489488617945, "n_bldg_sum": 1421, "n_grid": 60 }, "geometry": { "type": "Polygon", "coordinates": [ [ [ 126.840485322698953, 37.526537328449173 ], [ 126.834894841197979, 37.525551676324945 ], [ 126.828509637264929, 37.535911440791672 ], [ 126.835165350169419, 37.536912354093445 ], [ 126.834726674184935, 37.53603400665196 ], [ 126.840485322698953, 37.526537328449173 ] ] ] } },
{ "type": "Feature", "properties": { "adm_cd2": "1147057000", "adm_nm": "서울특별시 양천구 신월2동", "sggnm": "양천구", "shannon_mean": 0.9770497095328492, "n_bldg_sum": 608, "n_grid": 55 }, "geometry": { "type": "Polygon", "coordinates": [ [ [ 126.851612300657749, 37.521721523172722 ], [ 126.847020262360644, 37.522247172738332 ], [ 126.848663211785322, 37.520711774025685 ], [ 126.848505010799215, 37.517025298800384 ], [ 126.845676809206182, 37.517989881124372 ], [ 126.840485322698953, 37.526537328449173 ], [ 126.848895558325509, 37.527898817829517 ], [ 126.851612300657749, 37.521721523172722 ] ] ] } },
{ "type": "Feature", "properties": { "adm_cd2": "1147058000", "adm_nm": "서울특별시 양천구 신월3동", "sggnm": "양천구", "shannon_mean": 0.28977532420682051, "n_bldg_sum": 1334, "n_grid": 55 }, "geometry": { "type": "Polygon", "coordinates": [ [ [ 126.828509637264929, 37.535911440791672 ], [ 126.832506588346675, 37.52972260059888 ], [ 126.834894841197979, 37.525551676324945 ], [ 126.825915911588268, 37.524076677363581 ], [ 126.828153978207126, 37.52579857207941 ], [ 126.828173042376136, 37.528956772770826 ], [ 126.825113288496368, 37.530184310685684 ], [ 126.821813426511099, 37.53479381443789 ], [ 126.822147107489741, 37.540679256430153 ], [ 126.824783144691352, 37.54098954932963 ], [ 126.828509637264929, 37.535911440791672 ] ] ] } },
{ "type": "Feature", "properties": { "adm_cd2": "1147059000", "adm_nm": "서울특별시 양천구 신월4동", "sggnm": "양천구", "shannon_mean": 1.0035089220492421, "n_bldg_sum": 432, "n_grid": 41 }, "geometry": { "type": "Polygon", "coordinates": [ [ [ 126.844437398425939, 37.520042560430248 ], [ 126.839445394292241, 37.51708655149897 ], [ 126.834894841197979, 37.525551676324945 ], [ 126.840485322698953, 37.526537328449173 ], [ 126.844437398425939, 37.520042560430248 ] ] ] } },
{ "type": "Feature", "properties": { "adm_cd2": "1147060000", "adm_nm": "서울특별시 양천구 신월5동", "sggnm": "양천구", "shannon_mean": 0.83259125826650726, "n_bldg_sum": 721, "n_grid": 48 }, "geometry": { "type": "Polygon", "coordinates": [ [ [ 126.829919308284047, 37.546132806578356 ], [ 126.830083826073761, 37.541719146783372 ], [ 126.833139886592491, 37.541841487902168 ], [ 126.835165350169419, 37.536912354093445 ], [ 126.828509637264929, 37.535911440791672 ], [ 126.824783144691352, 37.54098954932963 ], [ 126.826814141251845, 37.541896621846476 ], [ 126.828733143578887, 37.546253383983 ], [ 126.829919308284047, 37.546132806578356 ] ] ] } },
{ "type": "Feature", "properties": { "adm_cd2": "1147061000", "adm_nm": "서울특별시 양천구 신월6동", "sggnm": "양천구", "shannon_mean": 0.39947457139644338, "n_bldg_sum": 172, "n_grid": 29 }, "geometry": { "type": "Polygon", "coordinates": [ [ [ 126.848480723470814, 37.516983659515233 ], [ 126.848566408447468, 37.515994467220892 ], [ 126.842253071339925, 37.513067525476046 ], [ 126.837665000356736, 37.513677337390462 ], [ 126.834928850379356, 37.515649385454275 ], [ 126.839445394292241, 37.51708655149897 ], [ 126.844437398425939, 37.520042560430248 ], [ 126.845676809206182, 37.517989881124372 ], [ 126.848480723470814, 37.516983659515233 ] ] ] } },
{ "type": "Feature", "properties": { "adm_cd2": "1147061100", "adm_nm": "서울특별시 양천구 신월7동", "sggnm": "양천구", "shannon_mean": 0.26173869288240176, "n_bldg_sum": 708, "n_grid": 65 }, "geometry": { "type": "Polygon", "coordinates": [ [ [ 126.839445394292241, 37.51708655149897 ], [ 126.833852673296391, 37.515242271106736 ], [ 126.829644987545763, 37.518516291537964 ], [ 126.825420436223965, 37.519091719008038 ], [ 126.825250928550034, 37.523148962583242 ], [ 126.825915911588268, 37.524076677363581 ], [ 126.834894841197979, 37.525551676324945 ], [ 126.839445394292241, 37.51708655149897 ] ] ] } },
{ "type": "Feature", "properties": { "adm_cd2": "1147062000", "adm_nm": "서울특별시 양천구 신정1동", "sggnm": "양천구", "shannon_mean": 0.29141259912210893, "n_bldg_sum": 345, "n_grid": 61 }, "geometry": { "type": "Polygon", "coordinates": [ [ [ 126.862596666426057, 37.516874596643476 ], [ 126.855937853825722, 37.513681529114081 ], [ 126.852460888732168, 37.521248464207709 ], [ 126.865396818593794, 37.522567075611413 ], [ 126.867329725546881, 37.518525854167954 ], [ 126.862596666426057, 37.516874596643476 ] ] ] } },
{ "type": "Feature", "properties": { "adm_cd2": "1147063000", "adm_nm": "서울특별시 양천구 신정2동", "sggnm": "양천구", "shannon_mean": 0.49845645189894738, "n_bldg_sum": 400, "n_grid": 48 }, "geometry": { "type": "Polygon", "coordinates": [ [ [ 126.879822758019642, 37.522195303200071 ], [ 126.879473001738461, 37.516771804930087 ], [ 126.878458152449795, 37.51428213956806 ], [ 126.871763552984433, 37.515904099410562 ], [ 126.870001332832246, 37.518494156257155 ], [ 126.871158366848348, 37.523129662404727 ], [ 126.879822758019642, 37.522195303200071 ] ] ] } },
{ "type": "Feature", "properties": { "adm_cd2": "1147064000", "adm_nm": "서울특별시 양천구 신정3동", "sggnm": "양천구", "shannon_mean": 0.4779522164217197, "n_bldg_sum": 952, "n_grid": 93 }, "geometry": { "type": "Polygon", "coordinates": [ [ [ 126.851612300657749, 37.521721523172722 ], [ 126.852460888732168, 37.521248464207709 ], [ 126.858155804753039, 37.509945140852274 ], [ 126.856085847295475, 37.509468514663723 ], [ 126.852902442663648, 37.510576655959589 ], [ 126.845294389122401, 37.507871004334319 ], [ 126.844538326627543, 37.506438483086491 ], [ 126.838982805020819, 37.502901197825302 ], [ 126.838363685705517, 37.500141950938684 ], [ 126.836413998580682, 37.50065031882216 ], [ 126.836171540799739, 37.50303866226453 ], [ 126.832642301880583, 37.505031040143507 ], [ 126.829197606046833, 37.508618052948599 ], [ 126.824850007512595, 37.508221476054331 ], [ 126.824330536482449, 37.508895645913626 ], [ 126.823140132290405, 37.51604891455861 ], [ 126.825420436223965, 37.519091719008038 ], [ 126.829644987545763, 37.518516291537964 ], [ 126.833852673296391, 37.515242271106736 ], [ 126.834928850379356, 37.515649385454275 ], [ 126.837665000356736, 37.513677337390462 ], [ 126.842253071339925, 37.513067525476046 ], [ 126.848566408447468, 37.515994467220892 ], [ 126.848663211785322, 37.520711774025685 ], [ 126.846810324834252, 37.522070249871064 ], [ 126.848534289758632, 37.522523684958443 ], [ 126.851612300657749, 37.521721523172722 ] ] ] } },
{ "type": "Feature", "properties": { "adm_cd2": "1147067000", "adm_nm": "서울특별시 양천구 신정6동", "sggnm": "양천구", "shannon_mean": 0.018483924814931874, "n_bldg_sum": 75, "n_grid": 47 }, "geometry": { "type": "Polygon", "coordinates": [ [ [ 126.871158366848348, 37.523129662404727 ], [ 126.870001332832246, 37.518494156257155 ], [ 126.871763552984433, 37.515904099410562 ], [ 126.878458152449795, 37.51428213956806 ], [ 126.873478843293853, 37.508523309994018 ], [ 126.869752180878052, 37.51405684310582 ], [ 126.864023888487566, 37.512065079512254 ], [ 126.862365500112944, 37.515063979559571 ], [ 126.863182391801018, 37.515361235347306 ], [ 126.862596666426057, 37.516874596643476 ], [ 126.867329725546881, 37.518525854167954 ], [ 126.865396818593794, 37.522567075611413 ], [ 126.868590338383513, 37.523963223415215 ], [ 126.871158366848348, 37.523129662404727 ] ] ] } },
{ "type": "Feature", "properties": { "adm_cd2": "1147068000", "adm_nm": "서울특별시 양천구 신정7동", "sggnm": "양천구", "shannon_mean": 0.49335839659617114, "n_bldg_sum": 185, "n_grid": 61 }, "geometry": { "type": "Polygon", "coordinates": [ [ [ 126.873478843293853, 37.508523309994018 ], [ 126.871260676167111, 37.505625984999163 ], [ 126.863528069084708, 37.504969399568807 ], [ 126.862459846536993, 37.5066863463882 ], [ 126.860105678136549, 37.506687327968386 ], [ 126.855937853825722, 37.513681529114081 ], [ 126.862596666426057, 37.516874596643476 ], [ 126.863182391801018, 37.515361235347306 ], [ 126.862365500112944, 37.515063979559571 ], [ 126.864023888487566, 37.512065079512254 ], [ 126.869752180878052, 37.51405684310582 ], [ 126.873478843293853, 37.508523309994018 ] ] ] } },
{ "type": "Feature", "properties": { "adm_cd2": "1147055000", "adm_nm": "서울특별시 양천구 목5동", "sggnm": "양천구", "shannon_mean": 0.016645640737395603, "n_bldg_sum": 198, "n_grid": 109 }, "geometry": { "type": "Polygon", "coordinates": [ [ [ 126.885156944634431, 37.543589608121742 ], [ 126.887293730084139, 37.54339791197269 ], [ 126.891299516383114, 37.53583041215343 ], [ 126.891525123234729, 37.533138796298658 ], [ 126.890043581592423, 37.530379718461255 ], [ 126.881480133065097, 37.531894579996013 ], [ 126.867187103558194, 37.530220089276206 ], [ 126.870151327787184, 37.535392769209949 ], [ 126.87749095637065, 37.541497753115912 ], [ 126.881887704518761, 37.543578173447322 ], [ 126.885156944634431, 37.543589608121742 ] ] ] } },
{ "type": "Feature", "properties": { "adm_cd2": "1147065000", "adm_nm": "서울특별시 양천구 신정4동", "sggnm": "양천구", "shannon_mean": 0.82312041339473885, "n_bldg_sum": 1832, "n_grid": 93 }, "geometry": { "type": "Polygon", "coordinates": [ [ [ 126.865396818593794, 37.522567075611413 ], [ 126.852460888732168, 37.521248464207709 ], [ 126.851612300657749, 37.521721523172722 ], [ 126.848895558325509, 37.527898817829517 ], [ 126.864011035351155, 37.529799695259463 ], [ 126.865396818593794, 37.522567075611413 ] ] ] } },
{ "type": "Feature", "properties": { "adm_cd2": "1150051000", "adm_nm": "서울특별시 강서구 염창동", "sggnm": "강서구", "shannon_mean": 0.6934647120043046, "n_bldg_sum": 431, "n_grid": 87 }, "geometry": { "type": "Polygon", "coordinates": [ [ [ 126.883166284349187, 37.554465228435177 ], [ 126.889754400702941, 37.550171838139178 ], [ 126.885275447266693, 37.546303277495809 ], [ 126.886165744265412, 37.543596032857415 ], [ 126.885156944634431, 37.543589608121742 ], [ 126.880713846322109, 37.547870316568741 ], [ 126.872421558382229, 37.547108837700947 ], [ 126.864982854506351, 37.550928043684614 ], [ 126.867318990277056, 37.554197603421471 ], [ 126.863035845914766, 37.556879852821687 ], [ 126.867412470863655, 37.559809089572788 ], [ 126.869258321143903, 37.563886275782899 ], [ 126.883166284349187, 37.554465228435177 ] ] ] } },
{ "type": "Feature", "properties": { "adm_cd2": "1150052000", "adm_nm": "서울특별시 강서구 등촌1동", "sggnm": "강서구", "shannon_mean": 0.70175096806359505, "n_bldg_sum": 394, "n_grid": 52 }, "geometry": { "type": "Polygon", "coordinates": [ [ [ 126.863035845914766, 37.556879852821687 ], [ 126.867318990277056, 37.554197603421471 ], [ 126.864982854506351, 37.550928043684614 ], [ 126.852308367943351, 37.555888626944949 ], [ 126.855176421584417, 37.56106684831898 ], [ 126.863035845914766, 37.556879852821687 ] ] ] } },
{ "type": "Feature", "properties": { "adm_cd2": "1150053000", "adm_nm": "서울특별시 강서구 등촌2동", "sggnm": "강서구", "shannon_mean": 0.88767959988362122, "n_bldg_sum": 887, "n_grid": 65 }, "geometry": { "type": "Polygon", "coordinates": [ [ [ 126.864284731134632, 37.551389512302173 ], [ 126.862174458124016, 37.544475505679898 ], [ 126.863672357831675, 37.539283396166034 ], [ 126.863494836339541, 37.535599312396741 ], [ 126.861876639850038, 37.535516928326146 ], [ 126.860980308533101, 37.537143937721446 ], [ 126.860478534945912, 37.541557816979513 ], [ 126.854556876295106, 37.543452344756382 ], [ 126.854834108687854, 37.546095806475307 ], [ 126.857979894498584, 37.55143877132641 ], [ 126.857714591046744, 37.554070344130309 ], [ 126.864284731134632, 37.551389512302173 ] ] ] } },
{ "type": "Feature", "properties": { "adm_cd2": "1150053500", "adm_nm": "서울특별시 강서구 등촌3동", "sggnm": "강서구", "shannon_mean": 0.23419905458235471, "n_bldg_sum": 151, "n_grid": 64 }, "geometry": { "type": "Polygon", "coordinates": [ [ [ 126.848830038669163, 37.564402927037023 ], [ 126.855176421584417, 37.56106684831898 ], [ 126.852308367943351, 37.555888626944949 ], [ 126.845721382415945, 37.557822841806498 ], [ 126.838216109771338, 37.558565139365577 ], [ 126.840954050867666, 37.567155997857519 ], [ 126.845923443771127, 37.564733856948891 ], [ 126.848830038669163, 37.564402927037023 ] ] ] } },
{ "type": "Feature", "properties": { "adm_cd2": "1150059000", "adm_nm": "서울특별시 강서구 화곡본동", "sggnm": "강서구", "shannon_mean": 1.0475062739166761, "n_bldg_sum": 1818, "n_grid": 80 }, "geometry": { "type": "Polygon", "coordinates": [ [ [ 126.854834108687854, 37.546095806475307 ], [ 126.854522669315045, 37.543568084277446 ], [ 126.855923502444341, 37.542334130374343 ], [ 126.852263850810942, 37.540109195945128 ], [ 126.852379943408849, 37.538138138963326 ], [ 126.853386936513587, 37.536792764994942 ], [ 126.851754903046455, 37.53662833679752 ], [ 126.852101628564554, 37.538499403965147 ], [ 126.851556141098001, 37.538994403307925 ], [ 126.847217014317621, 37.538782290607209 ], [ 126.843688987621618, 37.536690816343068 ], [ 126.840437342382998, 37.541624464385713 ], [ 126.843106906023451, 37.543448794982609 ], [ 126.847069767151282, 37.548856327800905 ], [ 126.849129367786858, 37.54830154947733 ], [ 126.851962878660188, 37.545702645334515 ], [ 126.853579464085428, 37.545383642262131 ], [ 126.854834108687854, 37.546095806475307 ] ] ] } },
{ "type": "Feature", "properties": { "adm_cd2": "1150055000", "adm_nm": "서울특별시 강서구 화곡2동", "sggnm": "강서구", "shannon_mean": 0.90082394818941713, "n_bldg_sum": 1137, "n_grid": 46 }, "geometry": { "type": "Polygon", "coordinates": [ [ [ 126.858485426365121, 37.529105043098056 ], [ 126.851964345969193, 37.528284140825754 ], [ 126.851094738484562, 37.535582527731883 ], [ 126.851754903046455, 37.53662833679752 ], [ 126.854695810104005, 37.536285030722951 ], [ 126.857630687986514, 37.533424609841667 ], [ 126.858485426365121, 37.529105043098056 ] ] ] } },
{ "type": "Feature", "properties": { "adm_cd2": "1150056000", "adm_nm": "서울특별시 강서구 화곡3동", "sggnm": "강서구", "shannon_mean": 0.79454256116040545, "n_bldg_sum": 839, "n_grid": 52 }, "geometry": { "type": "Polygon", "coordinates": [ [ [ 126.836298912099892, 37.547972652269429 ], [ 126.836798347486067, 37.545510283167353 ], [ 126.840404398076075, 37.541664273034101 ], [ 126.833778638173897, 37.539871149768601 ], [ 126.833139886592491, 37.541841487902168 ], [ 126.830083826073761, 37.541719146783372 ], [ 126.829777228172546, 37.547072804532085 ], [ 126.836298912099892, 37.547972652269429 ] ] ] } },
{ "type": "Feature", "properties": { "adm_cd2": "1150057000", "adm_nm": "서울특별시 강서구 화곡4동", "sggnm": "강서구", "shannon_mean": 0.8291506174162464, "n_bldg_sum": 1293, "n_grid": 63 }, "geometry": { "type": "Polygon", "coordinates": [ [ [ 126.863494836339541, 37.535599312396741 ], [ 126.864011035351155, 37.529799695259463 ], [ 126.858485426365121, 37.529105043098056 ], [ 126.857630687986514, 37.533424609841667 ], [ 126.853386936513587, 37.536792764994942 ], [ 126.852379943408849, 37.538138138963326 ], [ 126.852263850810942, 37.540109195945128 ], [ 126.855944539779756, 37.542695893722168 ], [ 126.859711087891426, 37.541952503533217 ], [ 126.860478534945912, 37.541557816979513 ], [ 126.860980308533101, 37.537143937721446 ], [ 126.861876639850038, 37.535516928326146 ], [ 126.863494836339541, 37.535599312396741 ] ] ] } },
{ "type": "Feature", "properties": { "adm_cd2": "1150059100", "adm_nm": "서울특별시 강서구 화곡6동", "sggnm": "강서구", "shannon_mean": 0.88522901904712359, "n_bldg_sum": 963, "n_grid": 78 }, "geometry": { "type": "Polygon", "coordinates": [ [ [ 126.852308367943351, 37.555888626944949 ], [ 126.857714591046744, 37.554070344130309 ], [ 126.857979894498584, 37.55143877132641 ], [ 126.856707147164926, 37.548455155297674 ], [ 126.853579464085428, 37.545383642262131 ], [ 126.846364200027807, 37.549200547400325 ], [ 126.844231276299396, 37.55231412951607 ], [ 126.845721382415945, 37.557822841806498 ], [ 126.852308367943351, 37.555888626944949 ] ] ] } },
{ "type": "Feature", "properties": { "adm_cd2": "1150059300", "adm_nm": "서울특별시 강서구 화곡8동", "sggnm": "강서구", "shannon_mean": 1.0678251377718662, "n_bldg_sum": 1375, "n_grid": 56 }, "geometry": { "type": "Polygon", "coordinates": [ [ [ 126.851754903046455, 37.53662833679752 ], [ 126.851094738484562, 37.535582527731883 ], [ 126.851964345969193, 37.528284140825754 ], [ 126.848895558325509, 37.527898817829517 ], [ 126.843688987621618, 37.536690816343068 ], [ 126.847217014317621, 37.538782290607209 ], [ 126.851556141098001, 37.538994403307925 ], [ 126.852101628564554, 37.538499403965147 ], [ 126.851754903046455, 37.53662833679752 ] ] ] } },
{ "type": "Feature", "properties": { "adm_cd2": "1150060300", "adm_nm": "서울특별시 강서구 가양1동", "sggnm": "강서구", "shannon_mean": 0.64540424273147146, "n_bldg_sum": 244, "n_grid": 61 }, "geometry": { "type": "Polygon", "coordinates": [ [ [ 126.850939426053202, 37.575619315372293 ], [ 126.850820814882283, 37.572795227160405 ], [ 126.848135850957917, 37.569274736120846 ], [ 126.850846553098805, 37.567302833009229 ], [ 126.848830038669163, 37.564402927037023 ], [ 126.845923443771127, 37.564733856948891 ], [ 126.840954050867666, 37.567155997857519 ], [ 126.838216109771338, 37.558565139365577 ], [ 126.826963708099996, 37.559700354727745 ], [ 126.827797817477858, 37.566627928722724 ], [ 126.823156169900997, 37.567020007529933 ], [ 126.822294478084828, 37.573078826311843 ], [ 126.820681352877983, 37.574949862846083 ], [ 126.819937553472087, 37.578376408910181 ], [ 126.822290781687229, 37.583092673862872 ], [ 126.821805377069325, 37.583305080272162 ], [ 126.826826118520799, 37.588354409146106 ], [ 126.850939426053202, 37.575619315372293 ] ] ] } },
{ "type": "Feature", "properties": { "adm_cd2": "1150060400", "adm_nm": "서울특별시 강서구 가양2동", "sggnm": "강서구", "shannon_mean": 0.19264843137282892, "n_bldg_sum": 63, "n_grid": 28 }, "geometry": { "type": "Polygon", "coordinates": [ [ [ 126.85775240042004, 37.574642406104125 ], [ 126.857414335969551, 37.571072571660849 ], [ 126.858403485813568, 37.569621158938702 ], [ 126.860330612942889, 37.568708895507029 ], [ 126.855176421584417, 37.56106684831898 ], [ 126.848830038669163, 37.564402927037023 ], [ 126.850846553098805, 37.567302833009229 ], [ 126.848135850957917, 37.569274736120846 ], [ 126.850820814882283, 37.572795227160405 ], [ 126.850939426053202, 37.575619315372293 ], [ 126.85775240042004, 37.574642406104125 ] ] ] } },
{ "type": "Feature", "properties": { "adm_cd2": "1150060500", "adm_nm": "서울특별시 강서구 가양3동", "sggnm": "강서구", "shannon_mean": 0.16797745024013017, "n_bldg_sum": 64, "n_grid": 27 }, "geometry": { "type": "Polygon", "coordinates": [ [ [ 126.869258321143903, 37.563886275782899 ], [ 126.867412470863655, 37.559809089572788 ], [ 126.863035845914766, 37.556879852821687 ], [ 126.855176421584417, 37.56106684831898 ], [ 126.860330612942889, 37.568708895507029 ], [ 126.869258321143903, 37.563886275782899 ] ] ] } },
{ "type": "Feature", "properties": { "adm_cd2": "1150061100", "adm_nm": "서울특별시 강서구 발산1동", "sggnm": "강서구", "shannon_mean": 0.88222561777416608, "n_bldg_sum": 661, "n_grid": 89 }, "geometry": { "type": "Polygon", "coordinates": [ [ [ 126.826963708099996, 37.559700354727745 ], [ 126.838216109771338, 37.558565139365577 ], [ 126.836343369629603, 37.552597356482906 ], [ 126.836316423741948, 37.547996410971024 ], [ 126.829777228172546, 37.547072804532085 ], [ 126.829919308284047, 37.546132806578356 ], [ 126.828733143578887, 37.546253383983 ], [ 126.826814141251845, 37.541896621846476 ], [ 126.825664985436532, 37.541123088681189 ], [ 126.814656855662449, 37.54063827458004 ], [ 126.813588102867783, 37.542851625977853 ], [ 126.815276062056327, 37.544950288177603 ], [ 126.816105666616565, 37.548932271179616 ], [ 126.81457322966115, 37.55062128879073 ], [ 126.823149704594272, 37.557409422840919 ], [ 126.823464685169725, 37.560061172725405 ], [ 126.826963708099996, 37.559700354727745 ] ] ] } },
{ "type": "Feature", "properties": { "adm_cd2": "1150062000", "adm_nm": "서울특별시 강서구 공항동", "sggnm": "강서구", "shannon_mean": 0.4584467734755106, "n_bldg_sum": 1602, "n_grid": 81 }, "geometry": { "type": "Polygon", "coordinates": [ [ [ 126.811037743850292, 37.564057822914329 ], [ 126.81651368246348, 37.564614730038286 ], [ 126.816516112312726, 37.563090864330626 ], [ 126.827221123701818, 37.561838413479606 ], [ 126.826963708099996, 37.559700354727745 ], [ 126.823464685169725, 37.560061172725405 ], [ 126.823149704594272, 37.557409422840919 ], [ 126.81457322966115, 37.55062128879073 ], [ 126.816105666616565, 37.548932271179616 ], [ 126.815276062056327, 37.544950288177603 ], [ 126.812517595881218, 37.540934550188702 ], [ 126.810375534797913, 37.541609332998995 ], [ 126.80916284283029, 37.543229168753491 ], [ 126.80284918268174, 37.543081647758008 ], [ 126.799770106677514, 37.540443901131049 ], [ 126.798718582547536, 37.537675044219192 ], [ 126.794400800243409, 37.535830863040403 ], [ 126.793335802752907, 37.541562668103744 ], [ 126.790178048151731, 37.543844143520225 ], [ 126.785081061618143, 37.546162081274709 ], [ 126.779901145825519, 37.546247347339239 ], [ 126.775480283081706, 37.548910805429401 ], [ 126.771162836474673, 37.548709603657656 ], [ 126.767958935224001, 37.552692853331415 ], [ 126.767710746617681, 37.55418855255472 ], [ 126.764278296509758, 37.555339066952357 ], [ 126.770727512136958, 37.557164713493883 ], [ 126.775632504426213, 37.561802949346642 ], [ 126.775464548475696, 37.565378654243354 ], [ 126.782502688334162, 37.570229800541597 ], [ 126.781904963536604, 37.571845435098858 ], [ 126.782702186088784, 37.573560903782955 ], [ 126.788765211506231, 37.57729992994733 ], [ 126.793392620123825, 37.576532741961131 ], [ 126.800234553248586, 37.570104663826633 ], [ 126.798668124996098, 37.566995371496049 ], [ 126.801718897811142, 37.562314097588498 ], [ 126.80766609695479, 37.561706917763665 ], [ 126.811037743850292, 37.564057822914329 ] ] ] } },
{ "type": "Feature", "properties": { "adm_cd2": "1150063000", "adm_nm": "서울특별시 강서구 방화1동", "sggnm": "강서구", "shannon_mean": 0.55817807738167791, "n_bldg_sum": 1195, "n_grid": 92 }, "geometry": { "type": "Polygon", "coordinates": [ [ [ 126.822081033078192, 37.573280402050187 ], [ 126.823156169900997, 37.567020007529933 ], [ 126.827797817477858, 37.566627928722724 ], [ 126.827221123701818, 37.561838413479606 ], [ 126.816516112312726, 37.563090864330626 ], [ 126.81651368246348, 37.564614730038286 ], [ 126.811241417261371, 37.563915833481886 ], [ 126.81259225299786, 37.566470019745516 ], [ 126.812795107267036, 37.569962735532414 ], [ 126.810667373437951, 37.573288099690053 ], [ 126.803623124190807, 37.572578536106619 ], [ 126.802744457437711, 37.574596393015156 ], [ 126.805141378370493, 37.574024656650415 ], [ 126.80733642215138, 37.574267385582445 ], [ 126.808594252033927, 37.575289904286173 ], [ 126.815778913969126, 37.575071505571167 ], [ 126.816552805535494, 37.575018532867887 ], [ 126.816511379665627, 37.573378978729764 ], [ 126.822081033078192, 37.573280402050187 ] ] ] } },
{ "type": "Feature", "properties": { "adm_cd2": "1150064000", "adm_nm": "서울특별시 강서구 방화2동", "sggnm": "강서구", "shannon_mean": 0.41850656541166059, "n_bldg_sum": 1439, "n_grid": 97 }, "geometry": { "type": "Polygon", "coordinates": [ [ [ 126.804935933112219, 37.604021186084474 ], [ 126.818052060778371, 37.592638204753875 ], [ 126.814662319084633, 37.587471940579874 ], [ 126.814696709913051, 37.582794201369083 ], [ 126.809862506418725, 37.58350738557526 ], [ 126.808340708169681, 37.58303541623556 ], [ 126.805446023483498, 37.579249702953355 ], [ 126.803944016125769, 37.574079634427839 ], [ 126.802744457437711, 37.574596393015156 ], [ 126.803623124190807, 37.572578536106619 ], [ 126.810667373437951, 37.573288099690053 ], [ 126.812795107267036, 37.569962735532414 ], [ 126.812312746470113, 37.565848692910585 ], [ 126.80766609695479, 37.561706917763665 ], [ 126.801718897811142, 37.562314097588498 ], [ 126.798668124996098, 37.566995371496049 ], [ 126.800234553248586, 37.570104663826633 ], [ 126.793392620123825, 37.576532741961131 ], [ 126.788765211506231, 37.57729992994733 ], [ 126.791246124406342, 37.580840862283196 ], [ 126.793401540671084, 37.580515308363871 ], [ 126.794815762774959, 37.583312543922197 ], [ 126.79690298688628, 37.584019024120053 ], [ 126.798338523282922, 37.587792898627406 ], [ 126.800788047489846, 37.588003506064844 ], [ 126.797254095568164, 37.596592490497393 ], [ 126.797102010362437, 37.598911393736408 ], [ 126.800934699421077, 37.604336526723841 ], [ 126.804935933112219, 37.604021186084474 ] ] ] } },
{ "type": "Feature", "properties": { "adm_cd2": "1150064100", "adm_nm": "서울특별시 강서구 방화3동", "sggnm": "강서구", "shannon_mean": 0.61759342921420923, "n_bldg_sum": 296, "n_grid": 56 }, "geometry": { "type": "Polygon", "coordinates": [ [ [ 126.826826118520799, 37.588354409146106 ], [ 126.821805377069325, 37.583305080272162 ], [ 126.822290781687229, 37.583092673862872 ], [ 126.819937553472087, 37.578376408910181 ], [ 126.820681352877983, 37.574949862846083 ], [ 126.822081033078192, 37.573280402050187 ], [ 126.816511379665627, 37.573378978729764 ], [ 126.816552805535494, 37.575018532867887 ], [ 126.815778913969126, 37.575071505571167 ], [ 126.808594252033927, 37.575289904286173 ], [ 126.80733642215138, 37.574267385582445 ], [ 126.803944016125769, 37.574079634427839 ], [ 126.805446023483498, 37.579249702953355 ], [ 126.807595598857588, 37.582471092176078 ], [ 126.809862506418725, 37.58350738557526 ], [ 126.814696709913051, 37.582794201369083 ], [ 126.814662319084633, 37.587471940579874 ], [ 126.818052060778371, 37.592638204753875 ], [ 126.822249289526439, 37.589932457777451 ], [ 126.826826118520799, 37.588354409146106 ] ] ] } },
{ "type": "Feature", "properties": { "adm_cd2": "1150054000", "adm_nm": "서울특별시 강서구 화곡1동", "sggnm": "강서구", "shannon_mean": 0.90835526260664423, "n_bldg_sum": 2327, "n_grid": 114 }, "geometry": { "type": "Polygon", "coordinates": [ [ [ 126.840437342382998, 37.541624464385713 ], [ 126.846435678763541, 37.532525949277193 ], [ 126.848895558325509, 37.527898817829517 ], [ 126.840485322698953, 37.526537328449173 ], [ 126.834726674184935, 37.53603400665196 ], [ 126.835165350169419, 37.536912354093445 ], [ 126.833778638173897, 37.539871149768601 ], [ 126.840437342382998, 37.541624464385713 ] ] ] } },
{ "type": "Feature", "properties": { "adm_cd2": "1150061500", "adm_nm": "서울특별시 강서구 우장산동", "sggnm": "강서구", "shannon_mean": 0.78805198419422751, "n_bldg_sum": 1025, "n_grid": 85 }, "geometry": { "type": "Polygon", "coordinates": [ [ [ 126.845721382415945, 37.557822841806498 ], [ 126.844231276299396, 37.55231412951607 ], [ 126.847069767151282, 37.548856327800905 ], [ 126.843106906023451, 37.543448794982609 ], [ 126.840437342382998, 37.541624464385713 ], [ 126.836389976680422, 37.546722549699531 ], [ 126.836343369629603, 37.552597356482906 ], [ 126.838216109771338, 37.558565139365577 ], [ 126.845721382415945, 37.557822841806498 ] ] ] } },
{ "type": "Feature", "properties": { "adm_cd2": "1153051000", "adm_nm": "서울특별시 구로구 신도림동", "sggnm": "구로구", "shannon_mean": 0.37345082625003201, "n_bldg_sum": 437, "n_grid": 77 }, "geometry": { "type": "Polygon", "coordinates": [ [ [ 126.892969624494739, 37.50946107193753 ], [ 126.895139232044215, 37.508151590345683 ], [ 126.893855645138871, 37.507478069224476 ], [ 126.889992587074332, 37.508163476949704 ], [ 126.881976467569757, 37.503583512866093 ], [ 126.880136063683807, 37.504931585465755 ], [ 126.877029175366303, 37.505496964360717 ], [ 126.873478843293853, 37.508523309994018 ], [ 126.878458152449795, 37.51428213956806 ], [ 126.879473001738461, 37.516771804930087 ], [ 126.889627550557449, 37.512085852379926 ], [ 126.892969624494739, 37.50946107193753 ] ] ] } },
{ "type": "Feature", "properties": { "adm_cd2": "1153052000", "adm_nm": "서울특별시 구로구 구로1동", "sggnm": "구로구", "shannon_mean": 0.1597274895480241, "n_bldg_sum": 78, "n_grid": 38 }, "geometry": { "type": "Polygon", "coordinates": [ [ [ 126.880153488176276, 37.487343991276035 ], [ 126.880658857962615, 37.485968679120717 ], [ 126.878102027776876, 37.486293244200823 ], [ 126.874742468072512, 37.485382052103006 ], [ 126.875285960300729, 37.488532901045389 ], [ 126.872780308642263, 37.48880355146688 ], [ 126.870046435236574, 37.491917829173246 ], [ 126.868028418812827, 37.497061664493422 ], [ 126.868410767680473, 37.496442830463394 ], [ 126.871206039848673, 37.496963698714083 ], [ 126.880164113740562, 37.500083979480848 ], [ 126.879565606749864, 37.497723213478231 ], [ 126.880153488176276, 37.487343991276035 ] ] ] } },
{ "type": "Feature", "properties": { "adm_cd2": "1153054000", "adm_nm": "서울특별시 구로구 구로3동", "sggnm": "구로구", "shannon_mean": 0.67731440626892048, "n_bldg_sum": 626, "n_grid": 55 }, "geometry": { "type": "Polygon", "coordinates": [ [ [ 126.903226979492047, 37.484986282537186 ], [ 126.898953017793346, 37.478953670652579 ], [ 126.896167553853147, 37.478553113037904 ], [ 126.894381433196699, 37.480201274100402 ], [ 126.892111505293187, 37.480649023916875 ], [ 126.891556647554509, 37.483691908611071 ], [ 126.886210131796304, 37.484975393178622 ], [ 126.888352264528763, 37.487442623811738 ], [ 126.895397261157598, 37.492032179019837 ], [ 126.897561064058607, 37.487595128214252 ], [ 126.900450572270557, 37.485665203545473 ], [ 126.903226979492047, 37.484986282537186 ] ] ] } },
{ "type": "Feature", "properties": { "adm_cd2": "1153055000", "adm_nm": "서울특별시 구로구 구로4동", "sggnm": "구로구", "shannon_mean": 0.54672761421904159, "n_bldg_sum": 1063, "n_grid": 45 }, "geometry": { "type": "Polygon", "coordinates": [ [ [ 126.895370396129294, 37.492104011098093 ], [ 126.888352264528763, 37.487442623811738 ], [ 126.886053065430744, 37.484983406754438 ], [ 126.884071543157148, 37.490515733461223 ], [ 126.887988012108835, 37.489929332449726 ], [ 126.890410820644647, 37.493207105091386 ], [ 126.888818872101538, 37.495286001344489 ], [ 126.893526473804528, 37.497723718574854 ], [ 126.895370396129294, 37.492104011098093 ] ] ] } },
{ "type": "Feature", "properties": { "adm_cd2": "1153056000", "adm_nm": "서울특별시 구로구 구로5동", "sggnm": "구로구", "shannon_mean": 0.2893192812814086, "n_bldg_sum": 1054, "n_grid": 72 }, "geometry": { "type": "Polygon", "coordinates": [ [ [ 126.893855645138871, 37.507478069224476 ], [ 126.893526473804528, 37.497723718574854 ], [ 126.888818872101538, 37.495286001344489 ], [ 126.879820400483922, 37.503015804271705 ], [ 126.881232730933831, 37.503993114704997 ], [ 126.88291689608927, 37.503759686388285 ], [ 126.889992587074332, 37.508163476949704 ], [ 126.893855645138871, 37.507478069224476 ] ] ] } },
{ "type": "Feature", "properties": { "adm_cd2": "1153072000", "adm_nm": "서울특별시 구로구 고척1동", "sggnm": "구로구", "shannon_mean": 0.48980354038455842, "n_bldg_sum": 697, "n_grid": 64 }, "geometry": { "type": "Polygon", "coordinates": [ [ [ 126.871260676167111, 37.505625984999163 ], [ 126.868028418812827, 37.497061664493422 ], [ 126.868193453267949, 37.495525776623225 ], [ 126.864189570514455, 37.494005759577966 ], [ 126.863099553779435, 37.496810981142175 ], [ 126.856640643425393, 37.497552271232394 ], [ 126.855551534773156, 37.499308478799854 ], [ 126.856045311927389, 37.502243944558558 ], [ 126.857146184186774, 37.502172199214087 ], [ 126.857409902811796, 37.50316511980121 ], [ 126.85667074202965, 37.503932878528012 ], [ 126.861357502094336, 37.504766146945045 ], [ 126.862753456559105, 37.506000720807187 ], [ 126.863528069084708, 37.504969399568807 ], [ 126.871260676167111, 37.505625984999163 ] ] ] } },
{ "type": "Feature", "properties": { "adm_cd2": "1153073000", "adm_nm": "서울특별시 구로구 고척2동", "sggnm": "구로구", "shannon_mean": 0.46417661852149444, "n_bldg_sum": 1405, "n_grid": 80 }, "geometry": { "type": "Polygon", "coordinates": [ [ [ 126.858155804753039, 37.509945140852274 ], [ 126.860105678136549, 37.506687327968386 ], [ 126.862459846536993, 37.5066863463882 ], [ 126.862753456559105, 37.506000720807187 ], [ 126.861357502094336, 37.504766146945045 ], [ 126.85667074202965, 37.503932878528012 ], [ 126.857409902811796, 37.50316511980121 ], [ 126.857146184186774, 37.502172199214087 ], [ 126.854627199615678, 37.502610225525757 ], [ 126.852739435185995, 37.499479006851608 ], [ 126.848443262213735, 37.502894044644819 ], [ 126.845294389122401, 37.507871004334319 ], [ 126.852902442663648, 37.510576655959589 ], [ 126.856085847295475, 37.509468514663723 ], [ 126.858155804753039, 37.509945140852274 ] ] ] } },
{ "type": "Feature", "properties": { "adm_cd2": "1153075000", "adm_nm": "서울특별시 구로구 개봉2동", "sggnm": "구로구", "shannon_mean": 0.94845973265310823, "n_bldg_sum": 883, "n_grid": 65 }, "geometry": { "type": "Polygon", "coordinates": [ [ [ 126.864189570514455, 37.494005759577966 ], [ 126.868193453267949, 37.495525776623225 ], [ 126.867039841802267, 37.492955180210139 ], [ 126.863091881335521, 37.490958820466595 ], [ 126.855409119374755, 37.489964055707304 ], [ 126.848142030769097, 37.490459364147455 ], [ 126.84861953566562, 37.49521323350411 ], [ 126.850765232525873, 37.49572756359747 ], [ 126.864189570514455, 37.494005759577966 ] ] ] } },
{ "type": "Feature", "properties": { "adm_cd2": "1153076000", "adm_nm": "서울특별시 구로구 개봉3동", "sggnm": "구로구", "shannon_mean": 0.95401966417776374, "n_bldg_sum": 947, "n_grid": 57 }, "geometry": { "type": "Polygon", "coordinates": [ [ [ 126.856509190340248, 37.485686381321983 ], [ 126.853241630658303, 37.482404497705794 ], [ 126.851085140144235, 37.481552160130946 ], [ 126.848241345671596, 37.48211111994312 ], [ 126.849865363511086, 37.48387770900181 ], [ 126.844655494093217, 37.486525944925468 ], [ 126.848142030769097, 37.490459364147455 ], [ 126.855409119374755, 37.489964055707304 ], [ 126.863091881335521, 37.490958820466595 ], [ 126.857704167555312, 37.485899056060831 ], [ 126.856509190340248, 37.485686381321983 ] ] ] } },
{ "type": "Feature", "properties": { "adm_cd2": "1153077000", "adm_nm": "서울특별시 구로구 오류1동", "sggnm": "구로구", "shannon_mean": 0.61854650854096527, "n_bldg_sum": 843, "n_grid": 56 }, "geometry": { "type": "Polygon", "coordinates": [ [ [ 126.838363685705517, 37.500141950938684 ], [ 126.844148008536749, 37.499693011272029 ], [ 126.850765232525873, 37.49572756359747 ], [ 126.8441106593949, 37.49377655742628 ], [ 126.838078821607056, 37.493162668991232 ], [ 126.836887309259097, 37.496192747941471 ], [ 126.834120106880732, 37.498432425996391 ], [ 126.836218676207565, 37.50062950347332 ], [ 126.838363685705517, 37.500141950938684 ] ] ] } },
{ "type": "Feature", "properties": { "adm_cd2": "1153080000", "adm_nm": "서울특별시 구로구 항동", "sggnm": "구로구", "shannon_mean": 0.44181450989953891, "n_bldg_sum": 72, "n_grid": 23 }, "geometry": { "type": "Polygon", "coordinates": [ [ [ 126.824051609593539, 37.488849141987927 ], [ 126.827797508919957, 37.488173855745572 ], [ 126.828876892525869, 37.485760663024891 ], [ 126.832073088419776, 37.483936594366455 ], [ 126.830843596778493, 37.481215301683164 ], [ 126.832124194149941, 37.480818574926452 ], [ 126.832350541048001, 37.478263466237536 ], [ 126.828760308999037, 37.476100435416399 ], [ 126.825132048440622, 37.476764289350733 ], [ 126.82167903237476, 37.475305580566101 ], [ 126.821220819685237, 37.476254383282466 ], [ 126.819220719562068, 37.476157562822628 ], [ 126.819502685542957, 37.475114721472075 ], [ 126.818458257671836, 37.475177593312701 ], [ 126.818666691185712, 37.474134640793451 ], [ 126.817308539281456, 37.473177192233031 ], [ 126.814753069322677, 37.474667789533662 ], [ 126.81486798616335, 37.475781575028556 ], [ 126.817053819224853, 37.478117689213711 ], [ 126.818201036587254, 37.47814290424062 ], [ 126.819567810100395, 37.480276346374374 ], [ 126.819433860404004, 37.485470081790979 ], [ 126.822328004065866, 37.486736863096752 ], [ 126.824051609593539, 37.488849141987927 ] ] ] } },
{ "type": "Feature", "properties": { "adm_cd2": "1153079000", "adm_nm": "서울특별시 구로구 수궁동", "sggnm": "구로구", "shannon_mean": 0.69856278666311356, "n_bldg_sum": 784, "n_grid": 118 }, "geometry": { "type": "Polygon", "coordinates": [ [ [ 126.836413998580682, 37.50065031882216 ], [ 126.8341247176742, 37.498311950371239 ], [ 126.836887309259097, 37.496192747941471 ], [ 126.838078821607056, 37.493162668991232 ], [ 126.82693604697144, 37.493206744942086 ], [ 126.827023742927153, 37.491211877465908 ], [ 126.823172119761949, 37.488548949007004 ], [ 126.820205277974551, 37.490874434653854 ], [ 126.814392051714208, 37.493198831681944 ], [ 126.812722459508734, 37.496165841199549 ], [ 126.813091964260835, 37.498020566928176 ], [ 126.815629903798367, 37.497551646495943 ], [ 126.819347273085242, 37.499299182853505 ], [ 126.824794908341303, 37.508292163071019 ], [ 126.829197606046833, 37.508618052948599 ], [ 126.832642301880583, 37.505031040143507 ], [ 126.836171540799739, 37.50303866226453 ], [ 126.836413998580682, 37.50065031882216 ] ] ] } },
{ "type": "Feature", "properties": { "adm_cd2": "1153059500", "adm_nm": "서울특별시 구로구 가리봉동", "sggnm": "구로구", "shannon_mean": 0.42616649853785599, "n_bldg_sum": 1016, "n_grid": 41 }, "geometry": { "type": "Polygon", "coordinates": [ [ [ 126.886053065430744, 37.484983406754438 ], [ 126.891556647554509, 37.483691908611071 ], [ 126.892111505293187, 37.480649023916875 ], [ 126.894381433196699, 37.480201274100402 ], [ 126.896167553853147, 37.478553113037904 ], [ 126.88853149447263, 37.479899610719833 ], [ 126.880658857962615, 37.485968679120717 ], [ 126.880153488176276, 37.487343991276035 ], [ 126.886053065430744, 37.484983406754438 ] ] ] } },
{ "type": "Feature", "properties": { "adm_cd2": "1153053000", "adm_nm": "서울특별시 구로구 구로2동", "sggnm": "구로구", "shannon_mean": 0.33788119290814345, "n_bldg_sum": 2830, "n_grid": 99 }, "geometry": { "type": "Polygon", "coordinates": [ [ [ 126.881232730933831, 37.503993114704997 ], [ 126.879820400483922, 37.503015804271705 ], [ 126.887223333902426, 37.497172933053747 ], [ 126.890410820644647, 37.493207105091386 ], [ 126.887988012108835, 37.489929332449726 ], [ 126.884071543157148, 37.490515733461223 ], [ 126.886053065430744, 37.484983406754438 ], [ 126.880153488176276, 37.487343991276035 ], [ 126.879565606749864, 37.497723213478231 ], [ 126.880164113740562, 37.500083979480848 ], [ 126.871206039848673, 37.496963698714083 ], [ 126.868410767680473, 37.496442830463394 ], [ 126.868028418812827, 37.497061664493422 ], [ 126.871260676167111, 37.505625984999163 ], [ 126.873478843293853, 37.508523309994018 ], [ 126.877029175366303, 37.505496964360717 ], [ 126.880136063683807, 37.504931585465755 ], [ 126.881232730933831, 37.503993114704997 ] ] ] } },
{ "type": "Feature", "properties": { "adm_cd2": "1153074000", "adm_nm": "서울특별시 구로구 개봉1동", "sggnm": "구로구", "shannon_mean": 0.54554629544568922, "n_bldg_sum": 1504, "n_grid": 87 }, "geometry": { "type": "Polygon", "coordinates": [ [ [ 126.856045311927389, 37.502243944558558 ], [ 126.855551534773156, 37.499308478799854 ], [ 126.856640643425393, 37.497552271232394 ], [ 126.863099553779435, 37.496810981142175 ], [ 126.864189570514455, 37.494005759577966 ], [ 126.850765232525873, 37.49572756359747 ], [ 126.844148008536749, 37.499693011272029 ], [ 126.838363685705517, 37.500141950938684 ], [ 126.838982805020819, 37.502901197825302 ], [ 126.844538326627543, 37.506438483086491 ], [ 126.845294389122401, 37.507871004334319 ], [ 126.848443262213735, 37.502894044644819 ], [ 126.852739435185995, 37.499479006851608 ], [ 126.854627199615678, 37.502610225525757 ], [ 126.856045311927389, 37.502243944558558 ] ] ] } },
{ "type": "Feature", "properties": { "adm_cd2": "1154551000", "adm_nm": "서울특별시 금천구 가산동", "sggnm": "금천구", "shannon_mean": 0.5422088575151317, "n_bldg_sum": 651, "n_grid": 62 }, "geometry": { "type": "Polygon", "coordinates": [ [ [ 126.880658857962615, 37.485968679120717 ], [ 126.888716936736714, 37.479799101017399 ], [ 126.895863002859869, 37.478455720329713 ], [ 126.896525256870547, 37.475750634011639 ], [ 126.894057605192344, 37.474518810892775 ], [ 126.893878234624182, 37.472226311997396 ], [ 126.887119888821019, 37.472029147336848 ], [ 126.889400659852015, 37.46575583668659 ], [ 126.886767133261486, 37.464677716408808 ], [ 126.878460318134415, 37.474702568892894 ], [ 126.873909017617024, 37.483333832104861 ], [ 126.873977419204891, 37.48505125149169 ], [ 126.874742468072512, 37.485382052103006 ], [ 126.878102027776876, 37.486293244200823 ], [ 126.880658857962615, 37.485968679120717 ] ] ] } },
{ "type": "Feature", "properties": { "adm_cd2": "1154561000", "adm_nm": "서울특별시 금천구 독산1동", "sggnm": "금천구", "shannon_mean": 0.55560935571494052, "n_bldg_sum": 654, "n_grid": 86 }, "geometry": { "type": "Polygon", "coordinates": [ [ [ 126.898010368611793, 37.471422571364194 ], [ 126.897323455730273, 37.463572743557329 ], [ 126.898743605672223, 37.459393178353949 ], [ 126.893104346958921, 37.457364428104789 ], [ 126.895232096181772, 37.452779800037163 ], [ 126.892628850394019, 37.451918913780645 ], [ 126.889622864290189, 37.452350724259873 ], [ 126.886379085283934, 37.456198509418826 ], [ 126.885274025924502, 37.460061851705611 ], [ 126.889099889823299, 37.461395422820068 ], [ 126.886767133261486, 37.464677716408808 ], [ 126.889400659852015, 37.46575583668659 ], [ 126.887119888821019, 37.472029147336848 ], [ 126.893878234624182, 37.472226311997396 ], [ 126.894057605192344, 37.474518810892775 ], [ 126.896525256870547, 37.475750634011639 ], [ 126.895863002859869, 37.478455720329713 ], [ 126.898953017793346, 37.478953670652579 ], [ 126.898010368611793, 37.471422571364194 ] ] ] } },
{ "type": "Feature", "properties": { "adm_cd2": "1154562000", "adm_nm": "서울특별시 금천구 독산2동", "sggnm": "금천구", "shannon_mean": 0.60456094106049285, "n_bldg_sum": 1703, "n_grid": 58 }, "geometry": { "type": "Polygon", "coordinates": [ [ [ 126.912399603382838, 37.466010239142577 ], [ 126.910964008231701, 37.465257754863877 ], [ 126.90966577535012, 37.465664234116588 ], [ 126.904364961475451, 37.462293589189187 ], [ 126.902898507716529, 37.462203939364457 ], [ 126.901811667529117, 37.459438023003742 ], [ 126.899366941862169, 37.457968804026464 ], [ 126.897417152145863, 37.462641442195384 ], [ 126.897631334468699, 37.466512744415738 ], [ 126.906782476019487, 37.467417584200703 ], [ 126.912399603382838, 37.466010239142577 ] ] ] } },
{ "type": "Feature", "properties": { "adm_cd2": "1154563000", "adm_nm": "서울특별시 금천구 독산3동", "sggnm": "금천구", "shannon_mean": 0.62906789047034017, "n_bldg_sum": 1587, "n_grid": 76 }, "geometry": { "type": "Polygon", "coordinates": [ [ [ 126.908228470828874, 37.472625673092331 ], [ 126.898010368611793, 37.471422571364194 ], [ 126.899468525751971, 37.480344416596672 ], [ 126.900674141344453, 37.479326371640951 ], [ 126.909723721389639, 37.48094931346143 ], [ 126.908824324203309, 37.478864916942833 ], [ 126.911621636353388, 37.478165690161553 ], [ 126.911937578086949, 37.476905361448907 ], [ 126.910934013126379, 37.473819971574649 ], [ 126.908228470828874, 37.472625673092331 ] ] ] } },
{ "type": "Feature", "properties": { "adm_cd2": "1154564000", "adm_nm": "서울특별시 금천구 독산4동", "sggnm": "금천구", "shannon_mean": 0.60027320577989618, "n_bldg_sum": 1293, "n_grid": 43 }, "geometry": { "type": "Polygon", "coordinates": [ [ [ 126.912399603382838, 37.466010239142577 ], [ 126.906782476019487, 37.467417584200703 ], [ 126.897631334468699, 37.466512744415738 ], [ 126.898010368611793, 37.471422571364194 ], [ 126.908228470828874, 37.472625673092331 ], [ 126.912399603382838, 37.466010239142577 ] ] ] } },
{ "type": "Feature", "properties": { "adm_cd2": "1154567000", "adm_nm": "서울특별시 금천구 시흥1동", "sggnm": "금천구", "shannon_mean": 0.5188287245719978, "n_bldg_sum": 1724, "n_grid": 92 }, "geometry": { "type": "Polygon", "coordinates": [ [ [ 126.906131085255851, 37.453712513851059 ], [ 126.905703843178429, 37.449836765072632 ], [ 126.902920579029384, 37.448520319423082 ], [ 126.90349275082076, 37.446338945728598 ], [ 126.900273990566021, 37.444338197902731 ], [ 126.898225616184661, 37.444654364934472 ], [ 126.896123188511808, 37.445846998308959 ], [ 126.894073761845817, 37.452639507246531 ], [ 126.895232096181772, 37.452779800037163 ], [ 126.893104346958921, 37.457364428104789 ], [ 126.898743605672223, 37.459393178353949 ], [ 126.899366941862169, 37.457968804026464 ], [ 126.900144864933523, 37.458163168556851 ], [ 126.901811667529117, 37.459438023003742 ], [ 126.902898507716529, 37.462203939364457 ], [ 126.904364961475451, 37.462293589189187 ], [ 126.906131085255851, 37.453712513851059 ] ] ] } },
{ "type": "Feature", "properties": { "adm_cd2": "1154568000", "adm_nm": "서울특별시 금천구 시흥2동", "sggnm": "금천구", "shannon_mean": 0.50829765724926557, "n_bldg_sum": 245, "n_grid": 45 }, "geometry": { "type": "Polygon", "coordinates": [ [ [ 126.92874943387082, 37.450192651427088 ], [ 126.921093316316302, 37.444125276278079 ], [ 126.91262831979941, 37.448430330982291 ], [ 126.912210713402672, 37.44951552267402 ], [ 126.913728049014125, 37.452923447396529 ], [ 126.916452766333904, 37.453843926955976 ], [ 126.918185231150346, 37.455516607296339 ], [ 126.918410725052041, 37.457162677883815 ], [ 126.922468437286511, 37.457247949955203 ], [ 126.923184056764867, 37.454427930434264 ], [ 126.92874943387082, 37.450192651427088 ] ] ] } },
{ "type": "Feature", "properties": { "adm_cd2": "1154569000", "adm_nm": "서울특별시 금천구 시흥3동", "sggnm": "금천구", "shannon_mean": 0.86504616251800726, "n_bldg_sum": 422, "n_grid": 55 }, "geometry": { "type": "Polygon", "coordinates": [ [ [ 126.9152195932067, 37.440055999842087 ], [ 126.912356939210241, 37.438589479988813 ], [ 126.909114193234956, 37.433992132809202 ], [ 126.904469394323243, 37.43405783101786 ], [ 126.898882877722357, 37.438804524661663 ], [ 126.898225616184661, 37.444654364934472 ], [ 126.90065617575803, 37.444476340536781 ], [ 126.90349275082076, 37.446338945728598 ], [ 126.903321858354815, 37.447435029737193 ], [ 126.907214357694869, 37.445835544801156 ], [ 126.9152195932067, 37.440055999842087 ] ] ] } },
{ "type": "Feature", "properties": { "adm_cd2": "1154570000", "adm_nm": "서울특별시 금천구 시흥4동", "sggnm": "금천구", "shannon_mean": 0.6739080562255465, "n_bldg_sum": 1234, "n_grid": 53 }, "geometry": { "type": "Polygon", "coordinates": [ [ [ 126.912436172870386, 37.465676914383444 ], [ 126.913748824647229, 37.465282329054304 ], [ 126.912859408502143, 37.463974321718261 ], [ 126.914151283322582, 37.458092596853064 ], [ 126.910450664470147, 37.456702999160711 ], [ 126.908827820804518, 37.453242679668442 ], [ 126.906131085255851, 37.453712513851059 ], [ 126.904364961475451, 37.462293589189187 ], [ 126.90966577535012, 37.465664234116588 ], [ 126.912436172870386, 37.465676914383444 ] ] ] } },
{ "type": "Feature", "properties": { "adm_cd2": "1154571000", "adm_nm": "서울특별시 금천구 시흥5동", "sggnm": "금천구", "shannon_mean": 0.48060800011191224, "n_bldg_sum": 1359, "n_grid": 57 }, "geometry": { "type": "Polygon", "coordinates": [ [ [ 126.918410725052041, 37.457162677883815 ], [ 126.918185231150346, 37.455516607296339 ], [ 126.916452766333904, 37.453843926955976 ], [ 126.913728049014125, 37.452923447396529 ], [ 126.912210144874521, 37.449677764988067 ], [ 126.91262831979941, 37.448430330982291 ], [ 126.921093316316302, 37.444125276278079 ], [ 126.91989851603914, 37.441291390740226 ], [ 126.918108197757945, 37.43991815113953 ], [ 126.9152195932067, 37.440055999842087 ], [ 126.907214357694869, 37.445835544801156 ], [ 126.903321858354815, 37.447435029737193 ], [ 126.902920579029384, 37.448520319423082 ], [ 126.905703843178429, 37.449836765072632 ], [ 126.906131085255851, 37.453712513851059 ], [ 126.908827820804518, 37.453242679668442 ], [ 126.910450664470147, 37.456702999160711 ], [ 126.913228639232145, 37.458055344931424 ], [ 126.918410725052041, 37.457162677883815 ] ] ] } },
{ "type": "Feature", "properties": { "adm_cd2": "1156054000", "adm_nm": "서울특별시 영등포구 여의동", "sggnm": "영등포구", "shannon_mean": 0.042008920033936074, "n_bldg_sum": 99, "n_grid": 65 }, "geometry": { "type": "Polygon", "coordinates": [ [ [ 126.91451019650998, 37.540155932725298 ], [ 126.934006293355495, 37.536335807586298 ], [ 126.946709522125204, 37.527050083882159 ], [ 126.947941086018346, 37.523582262406201 ], [ 126.950402393037322, 37.520026689676321 ], [ 126.932153449020419, 37.515654315471593 ], [ 126.925249656403167, 37.516237314860376 ], [ 126.918309294383306, 37.5189130521549 ], [ 126.916015190053855, 37.520342712813935 ], [ 126.911978982281312, 37.526259293477295 ], [ 126.907712925256078, 37.541667658948633 ], [ 126.91451019650998, 37.540155932725298 ] ] ] } },
{ "type": "Feature", "properties": { "adm_cd2": "1156055000", "adm_nm": "서울특별시 영등포구 당산1동", "sggnm": "영등포구", "shannon_mean": 0.29828677990078561, "n_bldg_sum": 662, "n_grid": 58 }, "geometry": { "type": "Polygon", "coordinates": [ [ [ 126.902835729596816, 37.52612206788627 ], [ 126.901095757589218, 37.519037658335641 ], [ 126.892254621542094, 37.520737733434927 ], [ 126.891380617184765, 37.521933155158706 ], [ 126.892634950216944, 37.527217014033766 ], [ 126.89414529897023, 37.52921334658074 ], [ 126.902835729596816, 37.52612206788627 ] ] ] } },
{ "type": "Feature", "properties": { "adm_cd2": "1156056000", "adm_nm": "서울특별시 영등포구 당산2동", "sggnm": "영등포구", "shannon_mean": 0.45631312264102919, "n_bldg_sum": 457, "n_grid": 78 }, "geometry": { "type": "Polygon", "coordinates": [ [ [ 126.907712925256078, 37.541667658948633 ], [ 126.908363611783798, 37.537572238662619 ], [ 126.911978982281312, 37.526259293477295 ], [ 126.913200736490111, 37.524416576069264 ], [ 126.912474174040156, 37.524090543527365 ], [ 126.910312695815378, 37.526329766880821 ], [ 126.90701292928135, 37.525670966886508 ], [ 126.906400853726808, 37.532349179559446 ], [ 126.905466340850438, 37.532149239983006 ], [ 126.902835729596816, 37.52612206788627 ], [ 126.89414529897023, 37.52921334658074 ], [ 126.904045872318534, 37.542841457071404 ], [ 126.907712925256078, 37.541667658948633 ] ] ] } },
{ "type": "Feature", "properties": { "adm_cd2": "1156061000", "adm_nm": "서울특별시 영등포구 양평1동", "sggnm": "영등포구", "shannon_mean": 0.32769108853037632, "n_bldg_sum": 406, "n_grid": 50 }, "geometry": { "type": "Polygon", "coordinates": [ [ [ 126.890043581592423, 37.530379718461255 ], [ 126.89414529897023, 37.52921334658074 ], [ 126.892634950216944, 37.527217014033766 ], [ 126.891554247153152, 37.522761037513241 ], [ 126.892254621542094, 37.520737733434927 ], [ 126.885359194676454, 37.52179268230676 ], [ 126.885009784121621, 37.520587561277289 ], [ 126.879805480254106, 37.52138057002454 ], [ 126.880509929506971, 37.525226275154424 ], [ 126.881731890778525, 37.526321580322012 ], [ 126.886314371996889, 37.528055268390773 ], [ 126.888481900902136, 37.530720970603063 ], [ 126.890043581592423, 37.530379718461255 ] ] ] } },
{ "type": "Feature", "properties": { "adm_cd2": "1156062000", "adm_nm": "서울특별시 영등포구 양평2동", "sggnm": "영등포구", "shannon_mean": 0.59144594729510358, "n_bldg_sum": 378, "n_grid": 63 }, "geometry": { "type": "Polygon", "coordinates": [ [ [ 126.89675635222676, 37.546317373088343 ], [ 126.904045872318534, 37.542841457071404 ], [ 126.89414529897023, 37.52921334658074 ], [ 126.890043581592423, 37.530379718461255 ], [ 126.891525123234729, 37.533138796298658 ], [ 126.891299516383114, 37.53583041215343 ], [ 126.887293730084139, 37.54339791197269 ], [ 126.885722621944041, 37.544318136146948 ], [ 126.885275447266693, 37.546303277495809 ], [ 126.889754400702941, 37.550171838139178 ], [ 126.89675635222676, 37.546317373088343 ] ] ] } },
{ "type": "Feature", "properties": { "adm_cd2": "1156063000", "adm_nm": "서울특별시 영등포구 신길1동", "sggnm": "영등포구", "shannon_mean": 0.31339481169332228, "n_bldg_sum": 1531, "n_grid": 65 }, "geometry": { "type": "Polygon", "coordinates": [ [ [ 126.926011164675373, 37.516097884185179 ], [ 126.923520484122932, 37.512784277037625 ], [ 126.922062806311246, 37.508000270549736 ], [ 126.916123453789183, 37.505646713217523 ], [ 126.913735098268305, 37.511383293194193 ], [ 126.917054770560355, 37.512174839135973 ], [ 126.918840745831616, 37.514225117106086 ], [ 126.916690457134749, 37.517094423796152 ], [ 126.917491921296488, 37.519448613328251 ], [ 126.926011164675373, 37.516097884185179 ] ] ] } },
{ "type": "Feature", "properties": { "adm_cd2": "1156065000", "adm_nm": "서울특별시 영등포구 신길3동", "sggnm": "영등포구", "shannon_mean": 0.19939473188222778, "n_bldg_sum": 1075, "n_grid": 40 }, "geometry": { "type": "Polygon", "coordinates": [ [ [ 126.910160155436031, 37.503834641745215 ], [ 126.907499147918926, 37.504756445180256 ], [ 126.903048526148794, 37.504205652271608 ], [ 126.900479516820752, 37.503025687499814 ], [ 126.898219022467941, 37.505333752228786 ], [ 126.910294901312511, 37.510705880231164 ], [ 126.911044149539222, 37.506072156680702 ], [ 126.910160155436031, 37.503834641745215 ] ] ] } },
{ "type": "Feature", "properties": { "adm_cd2": "1156066000", "adm_nm": "서울특별시 영등포구 신길4동", "sggnm": "영등포구", "shannon_mean": 0.40247247717564305, "n_bldg_sum": 668, "n_grid": 27 }, "geometry": { "type": "Polygon", "coordinates": [ [ [ 126.916123453789183, 37.505646713217523 ], [ 126.915454403958108, 37.504193340705783 ], [ 126.910215596847863, 37.503619645582475 ], [ 126.911044149539222, 37.506072156680702 ], [ 126.910294901312511, 37.510705880231164 ], [ 126.913735098268305, 37.511383293194193 ], [ 126.916123453789183, 37.505646713217523 ] ] ] } },
{ "type": "Feature", "properties": { "adm_cd2": "1156067000", "adm_nm": "서울특별시 영등포구 신길5동", "sggnm": "영등포구", "shannon_mean": 0.29936860593817261, "n_bldg_sum": 830, "n_grid": 40 }, "geometry": { "type": "Polygon", "coordinates": [ [ [ 126.910160155436031, 37.503834641745215 ], [ 126.910256410621244, 37.502025655603639 ], [ 126.908738571585104, 37.500180820272725 ], [ 126.908166292528435, 37.497447571206145 ], [ 126.903744165323616, 37.497291275313593 ], [ 126.901015212782099, 37.499689719303348 ], [ 126.902175619245511, 37.501432224137773 ], [ 126.900906627598545, 37.503285545946163 ], [ 126.907499147918926, 37.504756445180256 ], [ 126.910160155436031, 37.503834641745215 ] ] ] } },
{ "type": "Feature", "properties": { "adm_cd2": "1156068000", "adm_nm": "서울특별시 영등포구 신길6동", "sggnm": "영등포구", "shannon_mean": 0.37958748549172577, "n_bldg_sum": 822, "n_grid": 57 }, "geometry": { "type": "Polygon", "coordinates": [ [ [ 126.915454403958108, 37.504193340705783 ], [ 126.91184282360733, 37.500157593043404 ], [ 126.915554739348124, 37.500306211444141 ], [ 126.917599600359665, 37.501897590036499 ], [ 126.920261222384369, 37.501565914622702 ], [ 126.92082676829817, 37.501398550074342 ], [ 126.920188246451588, 37.498201251224245 ], [ 126.912525132883317, 37.496385476369298 ], [ 126.909451084859555, 37.492586778220989 ], [ 126.908168864419011, 37.497927573362645 ], [ 126.908738571585104, 37.500180820272725 ], [ 126.910256410621244, 37.502025655603639 ], [ 126.910215596847863, 37.503619645582475 ], [ 126.915454403958108, 37.504193340705783 ] ] ] } },
{ "type": "Feature", "properties": { "adm_cd2": "1156069000", "adm_nm": "서울특별시 영등포구 신길7동", "sggnm": "영등포구", "shannon_mean": 0.37516784034827422, "n_bldg_sum": 253, "n_grid": 30 }, "geometry": { "type": "Polygon", "coordinates": [ [ [ 126.92082676829817, 37.501398550074342 ], [ 126.917599600359665, 37.501897590036499 ], [ 126.915554739348124, 37.500306211444141 ], [ 126.91184282360733, 37.500157593043404 ], [ 126.916123453789183, 37.505646713217523 ], [ 126.922062806311246, 37.508000270549736 ], [ 126.923520484122932, 37.512784277037625 ], [ 126.925164571381487, 37.51490067462138 ], [ 126.927060231811922, 37.513929614650671 ], [ 126.927104118228556, 37.512999172592735 ], [ 126.92539528035735, 37.512652177631082 ], [ 126.92082676829817, 37.501398550074342 ] ] ] } },
{ "type": "Feature", "properties": { "adm_cd2": "1156070000", "adm_nm": "서울특별시 영등포구 대림1동", "sggnm": "영등포구", "shannon_mean": 0.31240158205357071, "n_bldg_sum": 1083, "n_grid": 46 }, "geometry": { "type": "Polygon", "coordinates": [ [ [ 126.909451084859555, 37.492586778220989 ], [ 126.906330459119459, 37.488926320200605 ], [ 126.899927301975339, 37.494830444521241 ], [ 126.903744165323616, 37.497291275313593 ], [ 126.908166292528435, 37.497447571206145 ], [ 126.909451084859555, 37.492586778220989 ] ] ] } },
{ "type": "Feature", "properties": { "adm_cd2": "1156071000", "adm_nm": "서울특별시 영등포구 대림2동", "sggnm": "영등포구", "shannon_mean": 0.27542782126181053, "n_bldg_sum": 1459, "n_grid": 52 }, "geometry": { "type": "Polygon", "coordinates": [ [ [ 126.906330459119459, 37.488926320200605 ], [ 126.903226979492047, 37.484986282537186 ], [ 126.900450572270557, 37.485665203545473 ], [ 126.897417642807184, 37.487758894161381 ], [ 126.895370396129294, 37.492104011098093 ], [ 126.899927301975339, 37.494830444521241 ], [ 126.906330459119459, 37.488926320200605 ] ] ] } },
{ "type": "Feature", "properties": { "adm_cd2": "1156072000", "adm_nm": "서울특별시 영등포구 대림3동", "sggnm": "영등포구", "shannon_mean": 0.48586315443388872, "n_bldg_sum": 1111, "n_grid": 83 }, "geometry": { "type": "Polygon", "coordinates": [ [ [ 126.898219022467941, 37.505333752228786 ], [ 126.902175619245511, 37.501432224137773 ], [ 126.901015212782099, 37.499689719303348 ], [ 126.903744165323616, 37.497291275313593 ], [ 126.895370396129294, 37.492104011098093 ], [ 126.893450823287566, 37.498254023832416 ], [ 126.893855645138871, 37.507478069224476 ], [ 126.895139232044215, 37.508151590345683 ], [ 126.898219022467941, 37.505333752228786 ] ] ] } },
{ "type": "Feature", "properties": { "adm_cd2": "1156051500", "adm_nm": "서울특별시 영등포구 영등포본동", "sggnm": "영등포구", "shannon_mean": 0.32950918670339041, "n_bldg_sum": 1265, "n_grid": 65 }, "geometry": { "type": "Polygon", "coordinates": [ [ [ 126.913735098268305, 37.511383293194193 ], [ 126.910294901312511, 37.510705880231164 ], [ 126.910193000161229, 37.512535597286977 ], [ 126.907624971854048, 37.51235551534068 ], [ 126.905323444482434, 37.510433082531904 ], [ 126.901913525062028, 37.510004340608873 ], [ 126.900618804772591, 37.512260454494118 ], [ 126.898157155190233, 37.511453621630842 ], [ 126.897794496375553, 37.511965542870215 ], [ 126.90597348441031, 37.51567996979152 ], [ 126.916655822716081, 37.517455920168906 ], [ 126.918840745831616, 37.514225117106086 ], [ 126.917054770560355, 37.512174839135973 ], [ 126.913735098268305, 37.511383293194193 ] ] ] } },
{ "type": "Feature", "properties": { "adm_cd2": "1156053500", "adm_nm": "서울특별시 영등포구 영등포동", "sggnm": "영등포구", "shannon_mean": 0.25756684255700513, "n_bldg_sum": 557, "n_grid": 97 }, "geometry": { "type": "Polygon", "coordinates": [ [ [ 126.913200736490111, 37.524416576069264 ], [ 126.916015190053855, 37.520342712813935 ], [ 126.917491921296488, 37.519448613328251 ], [ 126.916655822716081, 37.517455920168906 ], [ 126.911198953442153, 37.516972533341836 ], [ 126.903863414650061, 37.514931356089825 ], [ 126.902564269101617, 37.515547850252091 ], [ 126.90100417884365, 37.520406117757226 ], [ 126.905466340850438, 37.532149239983006 ], [ 126.906507639235201, 37.532079462952005 ], [ 126.90701292928135, 37.525670966886508 ], [ 126.910312695815378, 37.526329766880821 ], [ 126.912474174040156, 37.524090543527365 ], [ 126.913200736490111, 37.524416576069264 ] ] ] } },
{ "type": "Feature", "properties": { "adm_cd2": "1156058500", "adm_nm": "서울특별시 영등포구 도림동", "sggnm": "영등포구", "shannon_mean": 0.3473982995952965, "n_bldg_sum": 1387, "n_grid": 51 }, "geometry": { "type": "Polygon", "coordinates": [ [ [ 126.910294901312511, 37.510705880231164 ], [ 126.898219022467941, 37.505333752228786 ], [ 126.892969624494739, 37.50946107193753 ], [ 126.900618804772591, 37.512260454494118 ], [ 126.901913525062028, 37.510004340608873 ], [ 126.905323444482434, 37.510433082531904 ], [ 126.907624971854048, 37.51235551534068 ], [ 126.910193000161229, 37.512535597286977 ], [ 126.910294901312511, 37.510705880231164 ] ] ] } },
{ "type": "Feature", "properties": { "adm_cd2": "1156060500", "adm_nm": "서울특별시 영등포구 문래동", "sggnm": "영등포구", "shannon_mean": 0.16099698407331992, "n_bldg_sum": 285, "n_grid": 94 }, "geometry": { "type": "Polygon", "coordinates": [ [ [ 126.892254621542094, 37.520737733434927 ], [ 126.901095757589218, 37.519037658335641 ], [ 126.902356979507204, 37.515822840441167 ], [ 126.904003603182261, 37.514636848356318 ], [ 126.892969624494739, 37.50946107193753 ], [ 126.889627550557449, 37.512085852379926 ], [ 126.879473001738461, 37.516771804930087 ], [ 126.879805480254106, 37.52138057002454 ], [ 126.885009784121621, 37.520587561277289 ], [ 126.885359194676454, 37.52179268230676 ], [ 126.892254621542094, 37.520737733434927 ] ] ] } },
{ "type": "Feature", "properties": { "adm_cd2": "1159052000", "adm_nm": "서울특별시 동작구 노량진2동", "sggnm": "동작구", "shannon_mean": 0.24367360330915505, "n_bldg_sum": 1591, "n_grid": 48 }, "geometry": { "type": "Polygon", "coordinates": [ [ [ 126.940592740653031, 37.505976917406436 ], [ 126.938347159956678, 37.505466024071296 ], [ 126.935256425481541, 37.507041049576365 ], [ 126.934375697978183, 37.513082665195242 ], [ 126.933040137612807, 37.514530856476419 ], [ 126.933038657393013, 37.515764553536158 ], [ 126.938482205599755, 37.516789909852477 ], [ 126.941714171562893, 37.509388674406665 ], [ 126.942805558939241, 37.509855325572758 ], [ 126.944037714932307, 37.508859484608244 ], [ 126.940592740653031, 37.505976917406436 ] ] ] } },
{ "type": "Feature", "properties": { "adm_cd2": "1159053000", "adm_nm": "서울특별시 동작구 상도1동", "sggnm": "동작구", "shannon_mean": 0.83305294690597209, "n_bldg_sum": 1290, "n_grid": 103 }, "geometry": { "type": "Polygon", "coordinates": [ [ [ 126.95397704793902, 37.507690164545117 ], [ 126.953873847104802, 37.504093280703366 ], [ 126.956676294834523, 37.499300803042381 ], [ 126.961169346159565, 37.497780111011657 ], [ 126.96297706436242, 37.494555851485501 ], [ 126.961237976308638, 37.49255940112581 ], [ 126.961198801352936, 37.493388266586578 ], [ 126.95912518013165, 37.493865640972906 ], [ 126.957370762880089, 37.491811173971911 ], [ 126.954041023034478, 37.491039034475818 ], [ 126.94739248742782, 37.493909343967395 ], [ 126.948280569318356, 37.498703097638071 ], [ 126.946452664407346, 37.502262787893741 ], [ 126.949806132712169, 37.505592177276633 ], [ 126.950314627849494, 37.507794850896666 ], [ 126.95397704793902, 37.507690164545117 ] ] ] } },
{ "type": "Feature", "properties": { "adm_cd2": "1159054000", "adm_nm": "서울특별시 동작구 상도2동", "sggnm": "동작구", "shannon_mean": 0.58639924524476472, "n_bldg_sum": 1067, "n_grid": 75 }, "geometry": { "type": "Polygon", "coordinates": [ [ [ 126.947878413227514, 37.499255551682808 ], [ 126.93978188658096, 37.500460166141323 ], [ 126.936357534510876, 37.503268459133544 ], [ 126.933172736003016, 37.503637469917791 ], [ 126.932711526484752, 37.50562161748995 ], [ 126.933940128967834, 37.50520728207848 ], [ 126.935902144266578, 37.507123003515083 ], [ 126.939242909655405, 37.505397044738565 ], [ 126.949779827672273, 37.507146770165903 ], [ 126.950314627849494, 37.507794850896666 ], [ 126.949806132712169, 37.505592177276633 ], [ 126.946452664407346, 37.502262787893741 ], [ 126.947908207598104, 37.500394778370925 ], [ 126.947878413227514, 37.499255551682808 ] ] ] } },
{ "type": "Feature", "properties": { "adm_cd2": "1159055000", "adm_nm": "서울특별시 동작구 상도3동", "sggnm": "동작구", "shannon_mean": 0.85046257431777594, "n_bldg_sum": 1652, "n_grid": 60 }, "geometry": { "type": "Polygon", "coordinates": [ [ [ 126.936357534510876, 37.503268459133544 ], [ 126.931944874336509, 37.500517242121141 ], [ 126.935658167716213, 37.49650838341519 ], [ 126.941646201998054, 37.492251951827562 ], [ 126.939509208700557, 37.490876298687873 ], [ 126.939146822529509, 37.491583312026492 ], [ 126.931115470031102, 37.493418604898395 ], [ 126.929869515770022, 37.494000734997506 ], [ 126.929385059701261, 37.495347505671674 ], [ 126.930165603987845, 37.497836304200625 ], [ 126.928584507044533, 37.498866230312203 ], [ 126.930381612514253, 37.499732333532258 ], [ 126.928893673055086, 37.500797873451724 ], [ 126.92836890119068, 37.503315748092056 ], [ 126.932664279988998, 37.504089088126101 ], [ 126.936357534510876, 37.503268459133544 ] ] ] } },
{ "type": "Feature", "properties": { "adm_cd2": "1159056000", "adm_nm": "서울특별시 동작구 상도4동", "sggnm": "동작구", "shannon_mean": 0.7344153628793173, "n_bldg_sum": 2204, "n_grid": 79 }, "geometry": { "type": "Polygon", "coordinates": [ [ [ 126.947878413227514, 37.499255551682808 ], [ 126.948280607856702, 37.496967987375633 ], [ 126.94739248742782, 37.493909343967395 ], [ 126.94338797715929, 37.492082217187736 ], [ 126.941646201998054, 37.492251951827562 ], [ 126.938890775003983, 37.493961678151955 ], [ 126.931944874336509, 37.500517242121141 ], [ 126.936357534510876, 37.503268459133544 ], [ 126.93978188658096, 37.500460166141323 ], [ 126.947878413227514, 37.499255551682808 ] ] ] } },
{ "type": "Feature", "properties": { "adm_cd2": "1159062000", "adm_nm": "서울특별시 동작구 사당1동", "sggnm": "동작구", "shannon_mean": 0.64817091010527905, "n_bldg_sum": 1672, "n_grid": 63 }, "geometry": { "type": "Polygon", "coordinates": [ [ [ 126.982070172479325, 37.484805906531214 ], [ 126.981722822363253, 37.476364805634546 ], [ 126.976918618638862, 37.476572070166043 ], [ 126.970490592555066, 37.475368330993604 ], [ 126.970186766862355, 37.476625451796934 ], [ 126.974711335477494, 37.480415961429834 ], [ 126.975685588476509, 37.483286242691648 ], [ 126.982070172479325, 37.484805906531214 ] ] ] } },
{ "type": "Feature", "properties": { "adm_cd2": "1159064000", "adm_nm": "서울특별시 동작구 사당3동", "sggnm": "동작구", "shannon_mean": 0.5623464777535373, "n_bldg_sum": 900, "n_grid": 58 }, "geometry": { "type": "Polygon", "coordinates": [ [ [ 126.979176430159683, 37.484391179252214 ], [ 126.974560126619011, 37.483290958523952 ], [ 126.970035872915673, 37.485080653839617 ], [ 126.966366519714441, 37.488005945181442 ], [ 126.962230485022403, 37.494154731461443 ], [ 126.96297706436242, 37.494555851485501 ], [ 126.965037983428587, 37.493206026456406 ], [ 126.968058494389126, 37.493961410808843 ], [ 126.972405964790795, 37.493264327227998 ], [ 126.972702119482364, 37.49166686601253 ], [ 126.975718092052432, 37.488042212895913 ], [ 126.978578257811279, 37.486762534115812 ], [ 126.979176430159683, 37.484391179252214 ] ] ] } },
{ "type": "Feature", "properties": { "adm_cd2": "1159065000", "adm_nm": "서울특별시 동작구 사당4동", "sggnm": "동작구", "shannon_mean": 0.70655545710681222, "n_bldg_sum": 939, "n_grid": 37 }, "geometry": { "type": "Polygon", "coordinates": [ [ [ 126.975685588476509, 37.483286242691648 ], [ 126.974711335477494, 37.480415961429834 ], [ 126.970186766862355, 37.476625451796934 ], [ 126.968801821285638, 37.476654161212764 ], [ 126.965320976209966, 37.479564499860466 ], [ 126.967047311034761, 37.481368465528995 ], [ 126.969659961894223, 37.482124780722138 ], [ 126.970842453981135, 37.484783422590588 ], [ 126.975685588476509, 37.483286242691648 ] ] ] } },
{ "type": "Feature", "properties": { "adm_cd2": "1159065100", "adm_nm": "서울특별시 동작구 사당5동", "sggnm": "동작구", "shannon_mean": 0.66756411885823408, "n_bldg_sum": 600, "n_grid": 40 }, "geometry": { "type": "Polygon", "coordinates": [ [ [ 126.970842453981135, 37.484783422590588 ], [ 126.969659961894223, 37.482124780722138 ], [ 126.967047311034761, 37.481368465528995 ], [ 126.965320976209966, 37.479564499860466 ], [ 126.961344843331617, 37.483485379509425 ], [ 126.962139233069209, 37.486471368757925 ], [ 126.96106727939393, 37.491129695118502 ], [ 126.962230485022403, 37.494154731461443 ], [ 126.966366519714441, 37.488005945181442 ], [ 126.970842453981135, 37.484783422590588 ] ] ] } },
{ "type": "Feature", "properties": { "adm_cd2": "1159066000", "adm_nm": "서울특별시 동작구 대방동", "sggnm": "동작구", "shannon_mean": 0.61684606992935231, "n_bldg_sum": 1465, "n_grid": 109 }, "geometry": { "type": "Polygon", "coordinates": [ [ [ 126.933038657393013, 37.515764553536158 ], [ 126.933040137612807, 37.514530856476419 ], [ 126.934375697978183, 37.513082665195242 ], [ 126.935256425481541, 37.507041049576365 ], [ 126.934009153526517, 37.50524363906505 ], [ 126.932711526484752, 37.50562161748995 ], [ 126.932664279988998, 37.504089088126101 ], [ 126.92836890119068, 37.503315748092056 ], [ 126.928893673055086, 37.500797873451724 ], [ 126.930111502604461, 37.500397018532368 ], [ 126.930296031588213, 37.49955398793022 ], [ 126.92220030213312, 37.497867386994905 ], [ 126.920230393383079, 37.498511298814876 ], [ 126.92539528035735, 37.512652177631082 ], [ 126.927104118228556, 37.512999172592735 ], [ 126.927060231811922, 37.513929614650671 ], [ 126.925164571381487, 37.51490067462138 ], [ 126.926011164675373, 37.516097884185179 ], [ 126.933038657393013, 37.515764553536158 ] ] ] } },
{ "type": "Feature", "properties": { "adm_cd2": "1159067000", "adm_nm": "서울특별시 동작구 신대방1동", "sggnm": "동작구", "shannon_mean": 0.34969470520433205, "n_bldg_sum": 919, "n_grid": 59 }, "geometry": { "type": "Polygon", "coordinates": [ [ [ 126.915968443282566, 37.488762426706543 ], [ 126.907766778916312, 37.485424462704344 ], [ 126.903226979492047, 37.484986282537186 ], [ 126.912525132883317, 37.496385476369298 ], [ 126.91423889186764, 37.496584388690479 ], [ 126.915968443282566, 37.488762426706543 ] ] ] } },
{ "type": "Feature", "properties": { "adm_cd2": "1159068000", "adm_nm": "서울특별시 동작구 신대방2동", "sggnm": "동작구", "shannon_mean": 0.62689921079636868, "n_bldg_sum": 896, "n_grid": 52 }, "geometry": { "type": "Polygon", "coordinates": [ [ [ 126.928584507044533, 37.498866230312203 ], [ 126.930165603987845, 37.497836304200625 ], [ 126.929392774079844, 37.495636360724909 ], [ 126.929869515770022, 37.494000734997506 ], [ 126.927365907950971, 37.494930540813414 ], [ 126.924300928752857, 37.489964910696678 ], [ 126.915968443282566, 37.488762426706543 ], [ 126.91423889186764, 37.496584388690479 ], [ 126.919684497997636, 37.497694018899544 ], [ 126.920230393383079, 37.498511298814876 ], [ 126.92220030213312, 37.497867386994905 ], [ 126.926560222918368, 37.499231730964283 ], [ 126.928584507044533, 37.498866230312203 ] ] ] } },
{ "type": "Feature", "properties": { "adm_cd2": "1159060500", "adm_nm": "서울특별시 동작구 흑석동", "sggnm": "동작구", "shannon_mean": 0.33539461009234101, "n_bldg_sum": 2016, "n_grid": 117 }, "geometry": { "type": "Polygon", "coordinates": [ [ [ 126.975593036581358, 37.512296011351289 ], [ 126.973593610265667, 37.508392028320095 ], [ 126.973524422615597, 37.506967686344161 ], [ 126.974213575598398, 37.506609086944202 ], [ 126.973363217128863, 37.505353540881913 ], [ 126.968777763460665, 37.503511141846857 ], [ 126.961995482177656, 37.497431261125868 ], [ 126.956753280179086, 37.499209943460279 ], [ 126.953873847104802, 37.504093280703366 ], [ 126.95397704793902, 37.507690164545117 ], [ 126.962401915493956, 37.513357712026696 ], [ 126.975593036581358, 37.512296011351289 ] ] ] } },
{ "type": "Feature", "properties": { "adm_cd2": "1159051000", "adm_nm": "서울특별시 동작구 노량진1동", "sggnm": "동작구", "shannon_mean": 0.432637494496738, "n_bldg_sum": 1134, "n_grid": 94 }, "geometry": { "type": "Polygon", "coordinates": [ [ [ 126.957198161034725, 37.51541394716002 ], [ 126.962401915493956, 37.513357712026696 ], [ 126.954289161850312, 37.507655552711647 ], [ 126.950314627849494, 37.507794850896666 ], [ 126.947324639299254, 37.506659848977691 ], [ 126.94030302314323, 37.506147906516262 ], [ 126.942303343339972, 37.506808046481147 ], [ 126.944037714932307, 37.508859484608244 ], [ 126.942805558939241, 37.509855325572758 ], [ 126.941714171562893, 37.509388674406665 ], [ 126.938482205599755, 37.516789909852477 ], [ 126.950402393037322, 37.520026689676321 ], [ 126.957198161034725, 37.51541394716002 ] ] ] } },
{ "type": "Feature", "properties": { "adm_cd2": "1159063000", "adm_nm": "서울특별시 동작구 사당2동", "sggnm": "동작구", "shannon_mean": 0.45899684029956556, "n_bldg_sum": 1060, "n_grid": 75 }, "geometry": { "type": "Polygon", "coordinates": [ [ [ 126.98013790510133, 37.512117807513121 ], [ 126.980703887452506, 37.502743736405222 ], [ 126.987842501623092, 37.49860813145191 ], [ 126.984766486985492, 37.499277879623278 ], [ 126.98348802943417, 37.497546300982684 ], [ 126.982070172479325, 37.484805906531214 ], [ 126.979176430159683, 37.484391179252214 ], [ 126.978578257811279, 37.486762534115812 ], [ 126.975718092052432, 37.488042212895913 ], [ 126.972702119482364, 37.49166686601253 ], [ 126.972405964790795, 37.493264327227998 ], [ 126.968058494389126, 37.493961410808843 ], [ 126.965037983428587, 37.493206026456406 ], [ 126.96297706436242, 37.494555851485501 ], [ 126.961169346159565, 37.497780111011657 ], [ 126.961995482177656, 37.497431261125868 ], [ 126.968777763460665, 37.503511141846857 ], [ 126.973363217128863, 37.505353540881913 ], [ 126.974213575598398, 37.506609086944202 ], [ 126.973524422615597, 37.506967686344161 ], [ 126.973593610265667, 37.508392028320095 ], [ 126.975593036581358, 37.512296011351289 ], [ 126.98013790510133, 37.512117807513121 ] ] ] } },
{ "type": "Feature", "properties": { "adm_cd2": "1162052500", "adm_nm": "서울특별시 관악구 보라매동", "sggnm": "관악구", "shannon_mean": 0.61229274639203024, "n_bldg_sum": 1623, "n_grid": 69 }, "geometry": { "type": "Polygon", "coordinates": [ [ [ 126.929869515770022, 37.494000734997506 ], [ 126.939146822529509, 37.491583312026492 ], [ 126.938679221936908, 37.488219029989558 ], [ 126.940142197533177, 37.487707564377644 ], [ 126.939329134761309, 37.486208692044663 ], [ 126.934909927270141, 37.486397220056524 ], [ 126.927334972521322, 37.489536902332766 ], [ 126.924300928752857, 37.489964910696678 ], [ 126.927365907950971, 37.494930540813414 ], [ 126.929869515770022, 37.494000734997506 ] ] ] } },
{ "type": "Feature", "properties": { "adm_cd2": "1162054500", "adm_nm": "서울특별시 관악구 청림동", "sggnm": "관악구", "shannon_mean": 0.4081272904994846, "n_bldg_sum": 508, "n_grid": 29 }, "geometry": { "type": "Polygon", "coordinates": [ [ [ 126.961237976308638, 37.49255940112581 ], [ 126.962148068573995, 37.485238800423687 ], [ 126.956894280749438, 37.486378644789255 ], [ 126.958053905207976, 37.488403011875242 ], [ 126.956106476859944, 37.491582558113713 ], [ 126.957370762880089, 37.491811173971911 ], [ 126.95912518013165, 37.493865640972906 ], [ 126.961198801352936, 37.493388266586578 ], [ 126.961237976308638, 37.49255940112581 ] ] ] } },
{ "type": "Feature", "properties": { "adm_cd2": "1162057500", "adm_nm": "서울특별시 관악구 행운동", "sggnm": "관악구", "shannon_mean": 0.52872120644679832, "n_bldg_sum": 1352, "n_grid": 71 }, "geometry": { "type": "Polygon", "coordinates": [ [ [ 126.962148068573995, 37.485238800423687 ], [ 126.961344843331617, 37.483485379509425 ], [ 126.968801821285638, 37.476654161212764 ], [ 126.970186766862355, 37.476625451796934 ], [ 126.970490592555066, 37.475368330993604 ], [ 126.967230722995225, 37.475620662741228 ], [ 126.95276527007492, 37.481293957607512 ], [ 126.956894280749438, 37.486378644789255 ], [ 126.962148068573995, 37.485238800423687 ] ] ] } },
{ "type": "Feature", "properties": { "adm_cd2": "1162058500", "adm_nm": "서울특별시 관악구 낙성대동", "sggnm": "관악구", "shannon_mean": 0.66054186222517131, "n_bldg_sum": 743, "n_grid": 50 }, "geometry": { "type": "Polygon", "coordinates": [ [ [ 126.95276527007492, 37.481293957607512 ], [ 126.96230965099744, 37.477589241430856 ], [ 126.961387704627867, 37.475347424614057 ], [ 126.963379652405138, 37.471683444638238 ], [ 126.962678433191726, 37.469716418261633 ], [ 126.964532851073812, 37.467556003699258 ], [ 126.965722880745204, 37.464317547734176 ], [ 126.970300253463606, 37.460944525911152 ], [ 126.965723250976069, 37.455033508941291 ], [ 126.96155446715629, 37.4555464000535 ], [ 126.959601860434503, 37.456835449881964 ], [ 126.957668846611725, 37.458533550068601 ], [ 126.955652076940012, 37.462122966313892 ], [ 126.955962831932624, 37.4652701491949 ], [ 126.953496217246993, 37.470810023058739 ], [ 126.952534978362422, 37.471098515451828 ], [ 126.953109135270992, 37.472813758606577 ], [ 126.952260039895521, 37.481352688910292 ], [ 126.95276527007492, 37.481293957607512 ] ] ] } },
{ "type": "Feature", "properties": { "adm_cd2": "1162061500", "adm_nm": "서울특별시 관악구 중앙동", "sggnm": "관악구", "shannon_mean": 0.50129749766651011, "n_bldg_sum": 949, "n_grid": 35 }, "geometry": { "type": "Polygon", "coordinates": [ [ [ 126.956304195644378, 37.485664983542101 ], [ 126.95276527007492, 37.481293957607512 ], [ 126.946337294644053, 37.481972702412655 ], [ 126.946952633504125, 37.486930814675937 ], [ 126.956304195644378, 37.485664983542101 ] ] ] } },
{ "type": "Feature", "properties": { "adm_cd2": "1162062500", "adm_nm": "서울특별시 관악구 인헌동", "sggnm": "관악구", "shannon_mean": 0.85226287442300608, "n_bldg_sum": 1337, "n_grid": 63 }, "geometry": { "type": "Polygon", "coordinates": [ [ [ 126.970490592555066, 37.475368330993604 ], [ 126.971567146170202, 37.473129847147042 ], [ 126.970594974187023, 37.468560101741218 ], [ 126.96570608651038, 37.46678949217462 ], [ 126.964135094044067, 37.467842568584835 ], [ 126.962678433191726, 37.469716418261633 ], [ 126.963379652405138, 37.471683444638238 ], [ 126.961387704627867, 37.475347424614057 ], [ 126.96230965099744, 37.477589241430856 ], [ 126.967283132570358, 37.475606251943077 ], [ 126.970490592555066, 37.475368330993604 ] ] ] } },
{ "type": "Feature", "properties": { "adm_cd2": "1162063000", "adm_nm": "서울특별시 관악구 남현동", "sggnm": "관악구", "shannon_mean": 0.86011273076105965, "n_bldg_sum": 777, "n_grid": 51 }, "geometry": { "type": "Polygon", "coordinates": [ [ [ 126.981722822363253, 37.476364805634546 ], [ 126.98323495774352, 37.47157026974844 ], [ 126.988163830260774, 37.465524429698796 ], [ 126.987467278227697, 37.460409340107667 ], [ 126.988620463878362, 37.458135323217363 ], [ 126.982355746662549, 37.455158240783824 ], [ 126.973983145834708, 37.447599378097003 ], [ 126.968697196801841, 37.44679042965236 ], [ 126.969743162962274, 37.447860990675032 ], [ 126.969808582589849, 37.449303467174239 ], [ 126.965723250976069, 37.455033508941291 ], [ 126.970300253463606, 37.460944525911152 ], [ 126.965722880745204, 37.464317547734176 ], [ 126.964532851073812, 37.467556003699258 ], [ 126.96570608651038, 37.46678949217462 ], [ 126.970594974187023, 37.468560101741218 ], [ 126.971567146170202, 37.473129847147042 ], [ 126.970490592555066, 37.475368330993604 ], [ 126.976918618638862, 37.476572070166043 ], [ 126.981722822363253, 37.476364805634546 ] ] ] } },
{ "type": "Feature", "properties": { "adm_cd2": "1162064500", "adm_nm": "서울특별시 관악구 서원동", "sggnm": "관악구", "shannon_mean": 0.70857485543406129, "n_bldg_sum": 1290, "n_grid": 55 }, "geometry": { "type": "Polygon", "coordinates": [ [ [ 126.937854540318313, 37.484107232771869 ], [ 126.935642576842355, 37.481101866415649 ], [ 126.939478649802581, 37.478115222912599 ], [ 126.935216553663736, 37.476279815476715 ], [ 126.930210628551549, 37.475343139984588 ], [ 126.931811158583599, 37.478754528815465 ], [ 126.926661006289379, 37.483833684152707 ], [ 126.934201313874198, 37.484836734645846 ], [ 126.937854540318313, 37.484107232771869 ] ] ] } },
{ "type": "Feature", "properties": { "adm_cd2": "1162065500", "adm_nm": "서울특별시 관악구 신원동", "sggnm": "관악구", "shannon_mean": 0.39621238236120604, "n_bldg_sum": 1579, "n_grid": 50 }, "geometry": { "type": "Polygon", "coordinates": [ [ [ 126.930210628551549, 37.475343139984588 ], [ 126.926591989374842, 37.474460310053814 ], [ 126.923008994686086, 37.478872187196274 ], [ 126.921573711485607, 37.483121595046541 ], [ 126.926661006289379, 37.483833684152707 ], [ 126.931811158583599, 37.478754528815465 ], [ 126.930210628551549, 37.475343139984588 ] ] ] } },
{ "type": "Feature", "properties": { "adm_cd2": "1162066500", "adm_nm": "서울특별시 관악구 서림동", "sggnm": "관악구", "shannon_mean": 0.54855546881399408, "n_bldg_sum": 1198, "n_grid": 61 }, "geometry": { "type": "Polygon", "coordinates": [ [ [ 126.946545461533972, 37.472745969698018 ], [ 126.946790667881061, 37.470047715982354 ], [ 126.94544645726674, 37.469458784790781 ], [ 126.935015866117553, 37.471388982476476 ], [ 126.933533008340703, 37.473069678277987 ], [ 126.929412004017408, 37.47504845542565 ], [ 126.935216553663736, 37.476279815476715 ], [ 126.939478649802581, 37.478115222912599 ], [ 126.946545461533972, 37.472745969698018 ] ] ] } },
{ "type": "Feature", "properties": { "adm_cd2": "1162068500", "adm_nm": "서울특별시 관악구 신사동", "sggnm": "관악구", "shannon_mean": 0.41431753383668357, "n_bldg_sum": 1786, "n_grid": 60 }, "geometry": { "type": "Polygon", "coordinates": [ [ [ 126.926180657941401, 37.483780643591892 ], [ 126.914538719853951, 37.481813777710492 ], [ 126.913323500570073, 37.487247376735048 ], [ 126.915968443282566, 37.488762426706543 ], [ 126.919787209008433, 37.489443739042635 ], [ 126.922153292225886, 37.488092034167977 ], [ 126.926180657941401, 37.483780643591892 ] ] ] } },
{ "type": "Feature", "properties": { "adm_cd2": "1162069500", "adm_nm": "서울특별시 관악구 신림동", "sggnm": "관악구", "shannon_mean": 0.50548975729815082, "n_bldg_sum": 748, "n_grid": 49 }, "geometry": { "type": "Polygon", "coordinates": [ [ [ 126.934909927270141, 37.486397220056524 ], [ 126.934201313874198, 37.484836734645846 ], [ 126.926180657941401, 37.483780643591892 ], [ 126.921653594757785, 37.488533507070741 ], [ 126.918890701452483, 37.489562142469516 ], [ 126.927334972521322, 37.489536902332766 ], [ 126.934909927270141, 37.486397220056524 ] ] ] } },
{ "type": "Feature", "properties": { "adm_cd2": "1162071500", "adm_nm": "서울특별시 관악구 난향동", "sggnm": "관악구", "shannon_mean": 0.4910385868212116, "n_bldg_sum": 600, "n_grid": 48 }, "geometry": { "type": "Polygon", "coordinates": [ [ [ 126.922979611008515, 37.463460864731402 ], [ 126.924086247833699, 37.4597075463846 ], [ 126.922468437286511, 37.457247949955203 ], [ 126.914151283322582, 37.458092596853064 ], [ 126.912859408502143, 37.463974321718261 ], [ 126.9150827947675, 37.466155370643527 ], [ 126.918997199768427, 37.466574218686674 ], [ 126.922979611008515, 37.463460864731402 ] ] ] } },
{ "type": "Feature", "properties": { "adm_cd2": "1162072500", "adm_nm": "서울특별시 관악구 조원동", "sggnm": "관악구", "shannon_mean": 0.51771704628749549, "n_bldg_sum": 992, "n_grid": 60 }, "geometry": { "type": "Polygon", "coordinates": [ [ [ 126.914538719853951, 37.481813777710492 ], [ 126.900674141344453, 37.479326371640951 ], [ 126.899468525751971, 37.480344416596672 ], [ 126.903226979492047, 37.484986282537186 ], [ 126.905963490197578, 37.484988815554829 ], [ 126.913323500570073, 37.487247376735048 ], [ 126.914538719853951, 37.481813777710492 ] ] ] } },
{ "type": "Feature", "properties": { "adm_cd2": "1162073500", "adm_nm": "서울특별시 관악구 대학동", "sggnm": "관악구", "shannon_mean": 0.32236757648647069, "n_bldg_sum": 964, "n_grid": 75 }, "geometry": { "type": "Polygon", "coordinates": [ [ [ 126.952534978362422, 37.471098515451828 ], [ 126.953496217246993, 37.470810023058739 ], [ 126.95563516070662, 37.466112539612141 ], [ 126.955503948566104, 37.462574150033447 ], [ 126.957668846611725, 37.458533550068601 ], [ 126.96155446715629, 37.4555464000535 ], [ 126.965723250976069, 37.455033508941291 ], [ 126.969726600338959, 37.449505906320233 ], [ 126.969743162962274, 37.447860990675032 ], [ 126.968697196801841, 37.44679042965236 ], [ 126.964410508429708, 37.445580153573864 ], [ 126.964089188834805, 37.442187312611367 ], [ 126.962266682379095, 37.440655726885147 ], [ 126.955797566776937, 37.439117458235224 ], [ 126.948323583650335, 37.439089570162224 ], [ 126.939433567336806, 37.435962820668962 ], [ 126.937904394514419, 37.438560502959469 ], [ 126.93846851760793, 37.440311831543404 ], [ 126.937237598491009, 37.441937446384784 ], [ 126.931005735828066, 37.44578910649745 ], [ 126.930914305051999, 37.44769279586086 ], [ 126.935511348838972, 37.451761591583747 ], [ 126.938359772553241, 37.45665528221646 ], [ 126.938595998130808, 37.459275987171765 ], [ 126.934289384211823, 37.464994864145559 ], [ 126.931437540537104, 37.4657743919946 ], [ 126.931574435666434, 37.467182282001659 ], [ 126.934139183472325, 37.471794905923218 ], [ 126.94544645726674, 37.469458784790781 ], [ 126.946790667881061, 37.470047715982354 ], [ 126.946545461533972, 37.472745969698018 ], [ 126.952534978362422, 37.471098515451828 ] ] ] } },
{ "type": "Feature", "properties": { "adm_cd2": "1162060500", "adm_nm": "서울특별시 관악구 은천동", "sggnm": "관악구", "shannon_mean": 0.72892796248284286, "n_bldg_sum": 1321, "n_grid": 74 }, "geometry": { "type": "Polygon", "coordinates": [ [ [ 126.94338797715929, 37.492082217187736 ], [ 126.946102363020017, 37.490136844481803 ], [ 126.946952633504125, 37.486930814675937 ], [ 126.946337294644053, 37.481972702412655 ], [ 126.934201313874198, 37.484836734645846 ], [ 126.934909927270141, 37.486397220056524 ], [ 126.939329134761309, 37.486208692044663 ], [ 126.940142197533177, 37.487707564377644 ], [ 126.938679221936908, 37.488219029989558 ], [ 126.939509208700557, 37.490876298687873 ], [ 126.941646201998054, 37.492251951827562 ], [ 126.94338797715929, 37.492082217187736 ] ] ] } },
{ "type": "Feature", "properties": { "adm_cd2": "1162056500", "adm_nm": "서울특별시 관악구 성현동", "sggnm": "관악구", "shannon_mean": 0.7895472523040773, "n_bldg_sum": 752, "n_grid": 61 }, "geometry": { "type": "Polygon", "coordinates": [ [ [ 126.956106476859944, 37.491582558113713 ], [ 126.958053905207976, 37.488403011875242 ], [ 126.956304195644378, 37.485664983542101 ], [ 126.946952633504125, 37.486930814675937 ], [ 126.946102363020017, 37.490136844481803 ], [ 126.94338797715929, 37.492082217187736 ], [ 126.94739248742782, 37.493909343967395 ], [ 126.95345635281538, 37.491133787630446 ], [ 126.956106476859944, 37.491582558113713 ] ] ] } },
{ "type": "Feature", "properties": { "adm_cd2": "1162059500", "adm_nm": "서울특별시 관악구 청룡동", "sggnm": "관악구", "shannon_mean": 0.56216119811420284, "n_bldg_sum": 1371, "n_grid": 79 }, "geometry": { "type": "Polygon", "coordinates": [ [ [ 126.946337294644053, 37.481972702412655 ], [ 126.952260039895521, 37.481352688910292 ], [ 126.953105188360666, 37.473257660149756 ], [ 126.952534978362422, 37.471098515451828 ], [ 126.946545461533972, 37.472745969698018 ], [ 126.935642576842355, 37.481101866415649 ], [ 126.937854540318313, 37.484107232771869 ], [ 126.946337294644053, 37.481972702412655 ] ] ] } },
{ "type": "Feature", "properties": { "adm_cd2": "1162077500", "adm_nm": "서울특별시 관악구 난곡동", "sggnm": "관악구", "shannon_mean": 0.63139416765344436, "n_bldg_sum": 2018, "n_grid": 73 }, "geometry": { "type": "Polygon", "coordinates": [ [ [ 126.926591989374842, 37.474460310053814 ], [ 126.926013708329378, 37.467995820392197 ], [ 126.923435046539566, 37.465627201093483 ], [ 126.922979611008515, 37.463460864731402 ], [ 126.918997199768427, 37.466574218686674 ], [ 126.9150827947675, 37.466155370643527 ], [ 126.91443663910951, 37.470073082901934 ], [ 126.915001268566286, 37.471538334307496 ], [ 126.917796680629849, 37.474000433912025 ], [ 126.924176322755073, 37.477165122282912 ], [ 126.926591989374842, 37.474460310053814 ] ] ] } },
{ "type": "Feature", "properties": { "adm_cd2": "1162074500", "adm_nm": "서울특별시 관악구 삼성동", "sggnm": "관악구", "shannon_mean": 0.32082449790773043, "n_bldg_sum": 1353, "n_grid": 76 }, "geometry": { "type": "Polygon", "coordinates": [ [ [ 126.934139183472325, 37.471794905923218 ], [ 126.931437540537104, 37.4657743919946 ], [ 126.934289384211823, 37.464994864145559 ], [ 126.937598750441424, 37.461270014130214 ], [ 126.938527021658658, 37.457537158171988 ], [ 126.935511348838972, 37.451761591583747 ], [ 126.931025717282353, 37.447820681342442 ], [ 126.923055983603945, 37.454634618424947 ], [ 126.922468437286511, 37.457247949955203 ], [ 126.924086247833699, 37.4597075463846 ], [ 126.922946920658362, 37.464505112933658 ], [ 126.926013708329378, 37.467995820392197 ], [ 126.926591989374842, 37.474460310053814 ], [ 126.929412004017408, 37.47504845542565 ], [ 126.933533008340703, 37.473069678277987 ], [ 126.934139183472325, 37.471794905923218 ] ] ] } },
{ "type": "Feature", "properties": { "adm_cd2": "1162076500", "adm_nm": "서울특별시 관악구 미성동", "sggnm": "관악구", "shannon_mean": 0.68121876060616693, "n_bldg_sum": 1396, "n_grid": 88 }, "geometry": { "type": "Polygon", "coordinates": [ [ [ 126.924176322755073, 37.477165122282912 ], [ 126.917796680629849, 37.474000433912025 ], [ 126.915001268566286, 37.471538334307496 ], [ 126.914282068529971, 37.469410944686835 ], [ 126.9150827947675, 37.466155370643527 ], [ 126.913748824647229, 37.465282329054304 ], [ 126.911617354110973, 37.466627153421527 ], [ 126.908228470828874, 37.472625673092331 ], [ 126.910934013126379, 37.473819971574649 ], [ 126.911937578086949, 37.476905361448907 ], [ 126.911621636353388, 37.478165690161553 ], [ 126.908824324203309, 37.478864916942833 ], [ 126.909723721389639, 37.48094931346143 ], [ 126.921573711485607, 37.483121595046541 ], [ 126.924176322755073, 37.477165122282912 ] ] ] } },
{ "type": "Feature", "properties": { "adm_cd2": "1165051000", "adm_nm": "서울특별시 서초구 서초1동", "sggnm": "서초구", "shannon_mean": 0.53595026214591546, "n_bldg_sum": 670, "n_grid": 84 }, "geometry": { "type": "Polygon", "coordinates": [ [ [ 127.027014792841157, 37.480508107226981 ], [ 127.02452529760123, 37.480592769696472 ], [ 127.021779360846693, 37.477529438861175 ], [ 127.019831941772324, 37.47687481366637 ], [ 127.018734783061916, 37.481618262602581 ], [ 127.014934328795903, 37.487208120237803 ], [ 127.014021048270067, 37.493579676655294 ], [ 127.021276880188026, 37.496009857874277 ], [ 127.027014792841157, 37.480508107226981 ] ] ] } },
{ "type": "Feature", "properties": { "adm_cd2": "1165052000", "adm_nm": "서울특별시 서초구 서초2동", "sggnm": "서초구", "shannon_mean": 0.6028796702608894, "n_bldg_sum": 203, "n_grid": 59 }, "geometry": { "type": "Polygon", "coordinates": [ [ [ 127.031623257520422, 37.48954007672873 ], [ 127.034364516441926, 37.482777185796827 ], [ 127.0304119726419, 37.480200543392897 ], [ 127.028655603730044, 37.481056608020324 ], [ 127.027014792841157, 37.480508107226981 ], [ 127.021276880188026, 37.496009857874277 ], [ 127.0276351080783, 37.497964303421121 ], [ 127.031623257520422, 37.48954007672873 ] ] ] } },
{ "type": "Feature", "properties": { "adm_cd2": "1165053000", "adm_nm": "서울특별시 서초구 서초3동", "sggnm": "서초구", "shannon_mean": 0.94932181350797762, "n_bldg_sum": 802, "n_grid": 117 }, "geometry": { "type": "Polygon", "coordinates": [ [ [ 127.015762370027915, 37.494318581104636 ], [ 127.013903484358835, 37.493278361641963 ], [ 127.014583910515071, 37.488373888206539 ], [ 127.018734783061916, 37.481618262602581 ], [ 127.019831941772324, 37.47687481366637 ], [ 127.01683988426673, 37.475966888078801 ], [ 127.013594403899958, 37.47317625041692 ], [ 127.010310076186059, 37.47226020215308 ], [ 127.006640613688361, 37.478215309867331 ], [ 127.005416022872012, 37.47901579789405 ], [ 127.004101791262812, 37.478553975211312 ], [ 127.002963899737139, 37.481274215089833 ], [ 127.000828630264095, 37.483656492487114 ], [ 127.000275963939444, 37.48564854236691 ], [ 127.001184113375743, 37.486957019127587 ], [ 127.000267893683628, 37.491946693102001 ], [ 127.00360709823876, 37.494828204268309 ], [ 127.010544113913596, 37.498763977002056 ], [ 127.012450160221164, 37.499047334818393 ], [ 127.013554842378909, 37.494343430011064 ], [ 127.015762370027915, 37.494318581104636 ] ] ] } },
{ "type": "Feature", "properties": { "adm_cd2": "1165053100", "adm_nm": "서울특별시 서초구 서초4동", "sggnm": "서초구", "shannon_mean": 0.36965862293068757, "n_bldg_sum": 114, "n_grid": 52 }, "geometry": { "type": "Polygon", "coordinates": [ [ [ 127.0276351080783, 37.497964303421121 ], [ 127.014143172544152, 37.494015201935817 ], [ 127.012382306771187, 37.499370417029183 ], [ 127.017850296438951, 37.500778699565501 ], [ 127.01867000250887, 37.502834883618192 ], [ 127.024495838972257, 37.504518107419756 ], [ 127.0276351080783, 37.497964303421121 ] ] ] } },
{ "type": "Feature", "properties": { "adm_cd2": "1165054000", "adm_nm": "서울특별시 서초구 잠원동", "sggnm": "서초구", "shannon_mean": 0.45590528614973558, "n_bldg_sum": 371, "n_grid": 93 }, "geometry": { "type": "Polygon", "coordinates": [ [ [ 127.019441049560442, 37.515987241640659 ], [ 127.021307993874174, 37.511167953937679 ], [ 127.011621929679123, 37.508307996262189 ], [ 127.008612229350206, 37.513275127679158 ], [ 127.007325444075761, 37.512577976613755 ], [ 127.006758358507838, 37.513531048096525 ], [ 127.008894376183022, 37.515645680758304 ], [ 127.004427431653781, 37.520261173676964 ], [ 127.007972176188559, 37.524588976548777 ], [ 127.011868114871191, 37.527841004460903 ], [ 127.017609208351644, 37.52209029170141 ], [ 127.019441049560442, 37.515987241640659 ] ] ] } },
{ "type": "Feature", "properties": { "adm_cd2": "1165055000", "adm_nm": "서울특별시 서초구 반포본동", "sggnm": "서초구", "shannon_mean": 0.0, "n_bldg_sum": 98, "n_grid": 47 }, "geometry": { "type": "Polygon", "coordinates": [ [ [ 126.989379317957614, 37.512707976506604 ], [ 126.992619059899681, 37.507154904776421 ], [ 126.991904899075649, 37.505066262870066 ], [ 126.994521353852406, 37.501484512455143 ], [ 126.99110317536551, 37.499512764325168 ], [ 126.986947324418637, 37.498631737520469 ], [ 126.980703887452506, 37.502743736405222 ], [ 126.98013790510133, 37.512117807513121 ], [ 126.98248557960703, 37.513506142885731 ], [ 126.988623730988905, 37.51409714647896 ], [ 126.989379317957614, 37.512707976506604 ] ] ] } },
{ "type": "Feature", "properties": { "adm_cd2": "1165056000", "adm_nm": "서울특별시 서초구 반포1동", "sggnm": "서초구", "shannon_mean": 0.75633414551932709, "n_bldg_sum": 703, "n_grid": 77 }, "geometry": { "type": "Polygon", "coordinates": [ [ [ 127.02447004920468, 37.504571875057614 ], [ 127.01867000250887, 37.502834883618192 ], [ 127.017850296438951, 37.500778699565501 ], [ 127.012382306771187, 37.499370417029183 ], [ 127.009108548084271, 37.507257804083423 ], [ 127.021374832426787, 37.511029317603565 ], [ 127.02447004920468, 37.504571875057614 ] ] ] } },
{ "type": "Feature", "properties": { "adm_cd2": "1165057000", "adm_nm": "서울특별시 서초구 반포2동", "sggnm": "서초구", "shannon_mean": 0.06160698983058184, "n_bldg_sum": 76, "n_grid": 47 }, "geometry": { "type": "Polygon", "coordinates": [ [ [ 127.000928036282815, 37.505270510313991 ], [ 127.002951875691053, 37.501945051165485 ], [ 126.994004085216389, 37.498396275182593 ], [ 126.98774761094846, 37.498235234031483 ], [ 126.994539651302489, 37.501602330542859 ], [ 126.993922358920869, 37.502860992684823 ], [ 126.992903126630821, 37.502899467700175 ], [ 126.99181632507937, 37.505399442380941 ], [ 126.992619059899681, 37.507154904776421 ], [ 126.989379317957614, 37.512707976506604 ], [ 126.995941489679623, 37.515742140684921 ], [ 127.000928036282815, 37.505270510313991 ] ] ] } },
{ "type": "Feature", "properties": { "adm_cd2": "1165058000", "adm_nm": "서울특별시 서초구 반포3동", "sggnm": "서초구", "shannon_mean": 0.090573516242449401, "n_bldg_sum": 67, "n_grid": 42 }, "geometry": { "type": "Polygon", "coordinates": [ [ [ 127.011621929679123, 37.508307996262189 ], [ 127.000928036282815, 37.505270510313991 ], [ 126.995941489679623, 37.515742140684921 ], [ 127.004427431653781, 37.520261173676964 ], [ 127.008894376183022, 37.515645680758304 ], [ 127.006758358507838, 37.513531048096525 ], [ 127.007325444075761, 37.512577976613755 ], [ 127.008612229350206, 37.513275127679158 ], [ 127.011621929679123, 37.508307996262189 ] ] ] } },
{ "type": "Feature", "properties": { "adm_cd2": "1165058100", "adm_nm": "서울특별시 서초구 반포4동", "sggnm": "서초구", "shannon_mean": 1.0398321624628604, "n_bldg_sum": 512, "n_grid": 68 }, "geometry": { "type": "Polygon", "coordinates": [ [ [ 127.012382306771187, 37.499370417029183 ], [ 127.00360709823876, 37.494828204268309 ], [ 127.000267893683628, 37.491946693102001 ], [ 126.995460399266804, 37.49401965026918 ], [ 126.994849050557718, 37.49605493935703 ], [ 126.993612597857407, 37.496012232140465 ], [ 126.990707693792245, 37.497880729469586 ], [ 126.994842295240687, 37.498672558405751 ], [ 127.002951875691053, 37.501945051165485 ], [ 127.000928036282815, 37.505270510313991 ], [ 127.009751611938484, 37.507784093734557 ], [ 127.009108548084271, 37.507257804083423 ], [ 127.012382306771187, 37.499370417029183 ] ] ] } },
{ "type": "Feature", "properties": { "adm_cd2": "1165059000", "adm_nm": "서울특별시 서초구 방배본동", "sggnm": "서초구", "shannon_mean": 0.87271320608715941, "n_bldg_sum": 603, "n_grid": 60 }, "geometry": { "type": "Polygon", "coordinates": [ [ [ 126.98774761094846, 37.498235234031483 ], [ 126.990707272529988, 37.498155641740496 ], [ 126.992949595059201, 37.496341153838024 ], [ 126.994849050557718, 37.49605493935703 ], [ 126.995460399266804, 37.49401965026918 ], [ 126.992286863015565, 37.493554811484572 ], [ 126.985501853590122, 37.490882851751437 ], [ 126.982651561595361, 37.490891745800234 ], [ 126.98348802943417, 37.497546300982684 ], [ 126.984766486985492, 37.499277879623278 ], [ 126.98774761094846, 37.498235234031483 ] ] ] } },
{ "type": "Feature", "properties": { "adm_cd2": "1165060000", "adm_nm": "서울특별시 서초구 방배1동", "sggnm": "서초구", "shannon_mean": 0.93059360578394779, "n_bldg_sum": 791, "n_grid": 57 }, "geometry": { "type": "Polygon", "coordinates": [ [ [ 127.002151626307906, 37.482295399684482 ], [ 126.993637846175403, 37.480180513626159 ], [ 126.989629514812108, 37.486442282269635 ], [ 127.000797463489519, 37.489921986317206 ], [ 127.001184113375743, 37.486957019127587 ], [ 127.000275963939444, 37.48564854236691 ], [ 127.002151626307906, 37.482295399684482 ] ] ] } },
{ "type": "Feature", "properties": { "adm_cd2": "1165061000", "adm_nm": "서울특별시 서초구 방배2동", "sggnm": "서초구", "shannon_mean": 0.59291369054812293, "n_bldg_sum": 1727, "n_grid": 99 }, "geometry": { "type": "Polygon", "coordinates": [ [ [ 126.993637846175403, 37.480180513626159 ], [ 126.986598889244974, 37.477123797685287 ], [ 126.985675975630301, 37.474610620636213 ], [ 126.985945948292667, 37.472771729734205 ], [ 126.986807037852557, 37.471182478625288 ], [ 126.994747745367164, 37.468819076500317 ], [ 126.99627509882059, 37.46671749087119 ], [ 126.996958519457351, 37.462500941928937 ], [ 126.988620463878362, 37.458135323217363 ], [ 126.987467278227697, 37.460409340107667 ], [ 126.988234454944276, 37.463872988570785 ], [ 126.987591577505071, 37.466937119197389 ], [ 126.984527623968262, 37.469744953206892 ], [ 126.981860324740964, 37.474698129271999 ], [ 126.982082981406819, 37.485386555251374 ], [ 126.989629514812108, 37.486442282269635 ], [ 126.993637846175403, 37.480180513626159 ] ] ] } },
{ "type": "Feature", "properties": { "adm_cd2": "1165062000", "adm_nm": "서울특별시 서초구 방배3동", "sggnm": "서초구", "shannon_mean": 0.7132031425812162, "n_bldg_sum": 702, "n_grid": 81 }, "geometry": { "type": "Polygon", "coordinates": [ [ [ 127.010310076186059, 37.47226020215308 ], [ 127.004468620185264, 37.469284868249773 ], [ 127.003421937005811, 37.467259348791046 ], [ 126.99627509882059, 37.46671749087119 ], [ 126.994747745367164, 37.468819076500317 ], [ 126.986807037852557, 37.471182478625288 ], [ 126.985675975630301, 37.474610620636213 ], [ 126.986598889244974, 37.477123797685287 ], [ 126.98999708809707, 37.478954756288097 ], [ 127.002151626307906, 37.482295399684482 ], [ 127.004101791262812, 37.478553975211312 ], [ 127.005416022872012, 37.47901579789405 ], [ 127.006640613688361, 37.478215309867331 ], [ 127.010310076186059, 37.47226020215308 ] ] ] } },
{ "type": "Feature", "properties": { "adm_cd2": "1165062100", "adm_nm": "서울특별시 서초구 방배4동", "sggnm": "서초구", "shannon_mean": 0.81327213488193906, "n_bldg_sum": 1108, "n_grid": 86 }, "geometry": { "type": "Polygon", "coordinates": [ [ [ 127.000267893683628, 37.491946693102001 ], [ 127.000797463489519, 37.489921986317206 ], [ 126.989629514812108, 37.486442282269635 ], [ 126.982082981406819, 37.485386555251374 ], [ 126.982651561595361, 37.490891745800234 ], [ 126.985501853590122, 37.490882851751437 ], [ 126.992286863015565, 37.493554811484572 ], [ 126.995460399266804, 37.49401965026918 ], [ 127.000267893683628, 37.491946693102001 ] ] ] } },
{ "type": "Feature", "properties": { "adm_cd2": "1165065100", "adm_nm": "서울특별시 서초구 양재1동", "sggnm": "서초구", "shannon_mean": 0.63607024297547554, "n_bldg_sum": 896, "n_grid": 138 }, "geometry": { "type": "Polygon", "coordinates": [ [ [ 127.043942189842113, 37.479710476647448 ], [ 127.039321862064185, 37.474711970006339 ], [ 127.033780462704755, 37.472900458335339 ], [ 127.030804261281844, 37.470369367936726 ], [ 127.028972457439096, 37.467850607624349 ], [ 127.029862362719669, 37.463453553046811 ], [ 127.026104979219866, 37.458510142023812 ], [ 127.020533873364926, 37.456167710917896 ], [ 127.01106032839904, 37.455388649737863 ], [ 127.004171241365441, 37.464778072938351 ], [ 127.003421937005811, 37.467259348791046 ], [ 127.004468620185264, 37.469284868249773 ], [ 127.013594403899958, 37.47317625041692 ], [ 127.018070682984842, 37.476603994661701 ], [ 127.021779360846693, 37.477529438861175 ], [ 127.02452529760123, 37.480592769696472 ], [ 127.028655603730044, 37.481056608020324 ], [ 127.0304119726419, 37.480200543392897 ], [ 127.03252269600759, 37.481007749876767 ], [ 127.034364516441926, 37.482777185796827 ], [ 127.03396794290876, 37.48479724859385 ], [ 127.041345846097684, 37.485570527805734 ], [ 127.043942189842113, 37.479710476647448 ] ] ] } },
{ "type": "Feature", "properties": { "adm_cd2": "1165065200", "adm_nm": "서울특별시 서초구 양재2동", "sggnm": "서초구", "shannon_mean": 0.9642928203211949, "n_bldg_sum": 802, "n_grid": 93 }, "geometry": { "type": "Polygon", "coordinates": [ [ [ 127.049580587995692, 37.470487492555989 ], [ 127.043032700214169, 37.465620747602465 ], [ 127.045358228358992, 37.463468856490024 ], [ 127.045819968902364, 37.459340125437578 ], [ 127.049480119150317, 37.455845749545645 ], [ 127.050867010966499, 37.452051625682515 ], [ 127.05613744035297, 37.446973142790512 ], [ 127.059932405226633, 37.441203930189978 ], [ 127.061459413694678, 37.440566253789136 ], [ 127.063538614310886, 37.437908150916321 ], [ 127.063956702271412, 37.435744153904366 ], [ 127.063108609285379, 37.43361040949582 ], [ 127.063156028424132, 37.429706556568206 ], [ 127.050893488369411, 37.429654938387117 ], [ 127.04746704771722, 37.430871092229097 ], [ 127.046343186487931, 37.433554014079974 ], [ 127.040974839857824, 37.438173084963303 ], [ 127.035799428570272, 37.43927170156023 ], [ 127.035413112466003, 37.441172670533135 ], [ 127.036813048964063, 37.442147655472063 ], [ 127.03836990001075, 37.445539677668584 ], [ 127.035834736553767, 37.457545918602712 ], [ 127.034924643839247, 37.457867958733331 ], [ 127.033429462899889, 37.461075226757792 ], [ 127.034734914894017, 37.463847834388574 ], [ 127.031268940285514, 37.465775357273628 ], [ 127.029861118653287, 37.465445300547309 ], [ 127.028972457439096, 37.467850607624349 ], [ 127.033780462704755, 37.472900458335339 ], [ 127.039321862064185, 37.474711970006339 ], [ 127.043942189842113, 37.479710476647448 ], [ 127.04502995335379, 37.477286625048237 ], [ 127.051057455032691, 37.471491353567103 ], [ 127.049580587995692, 37.470487492555989 ] ] ] } },
{ "type": "Feature", "properties": { "adm_cd2": "1165066000", "adm_nm": "서울특별시 서초구 내곡동", "sggnm": "서초구", "shannon_mean": 0.043434414207414507, "n_bldg_sum": 549, "n_grid": 113 }, "geometry": { "type": "Polygon", "coordinates": [ [ [ 127.085161826709708, 37.475273337651352 ], [ 127.08449158172867, 37.472872211212454 ], [ 127.086211665678576, 37.470363479976342 ], [ 127.0959959704971, 37.462499077608321 ], [ 127.096317631286396, 37.461432021370491 ], [ 127.094627320311233, 37.458781886206772 ], [ 127.095121769067049, 37.458300223147951 ], [ 127.094283330760845, 37.456523907590565 ], [ 127.08968720897488, 37.451197857163287 ], [ 127.088324242871707, 37.44863730582032 ], [ 127.087989623693332, 37.445061519871594 ], [ 127.085426844725333, 37.44494214062432 ], [ 127.081577484697689, 37.441004240163188 ], [ 127.076329966008188, 37.442274504795705 ], [ 127.071920094767421, 37.442085101685123 ], [ 127.071968678053267, 37.440005365822991 ], [ 127.073377726772961, 37.439340069370694 ], [ 127.072630764711889, 37.43638989243631 ], [ 127.071430146708309, 37.435201370712115 ], [ 127.070456310003067, 37.430063405275682 ], [ 127.068160157991699, 37.430576356765322 ], [ 127.065674259099254, 37.429010703691922 ], [ 127.063156028424132, 37.429706556568206 ], [ 127.063108609285379, 37.43361040949582 ], [ 127.063956702271412, 37.435744153904366 ], [ 127.063538614310886, 37.437908150916321 ], [ 127.061459413694678, 37.440566253789136 ], [ 127.059932405226633, 37.441203930189978 ], [ 127.05613744035297, 37.446973142790512 ], [ 127.050867010966499, 37.452051625682515 ], [ 127.049480119150317, 37.455845749545645 ], [ 127.045819968902364, 37.459340125437578 ], [ 127.045358228358992, 37.463468856490024 ], [ 127.043032700214169, 37.465620747602465 ], [ 127.049580587995692, 37.470487492555989 ], [ 127.054527186751628, 37.468526631780982 ], [ 127.061611661350156, 37.46895874049018 ], [ 127.062531887836442, 37.472842468948137 ], [ 127.069243633897869, 37.473885724699862 ], [ 127.070813752975269, 37.47483449027618 ], [ 127.072653177739156, 37.47479946922747 ], [ 127.073913208545392, 37.472858199879113 ], [ 127.077162387722623, 37.475009465250281 ], [ 127.085161826709708, 37.475273337651352 ] ] ] } },
{ "type": "Feature", "properties": { "adm_cd2": "1168051000", "adm_nm": "서울특별시 강남구 신사동", "sggnm": "강남구", "shannon_mean": 0.50456484502952759, "n_bldg_sum": 422, "n_grid": 70 }, "geometry": { "type": "Polygon", "coordinates": [ [ [ 127.02807815323149, 37.519584003368998 ], [ 127.019441049560442, 37.515987241640659 ], [ 127.017609208351644, 37.52209029170141 ], [ 127.011868114871191, 37.527841004460903 ], [ 127.021564918498868, 37.535530965877896 ], [ 127.02524305031038, 37.530236796099473 ], [ 127.028564254371972, 37.527308201095053 ], [ 127.02807815323149, 37.519584003368998 ] ] ] } },
{ "type": "Feature", "properties": { "adm_cd2": "1168052100", "adm_nm": "서울특별시 강남구 논현1동", "sggnm": "강남구", "shannon_mean": 0.79695669852140927, "n_bldg_sum": 1216, "n_grid": 105 }, "geometry": { "type": "Polygon", "coordinates": [ [ [ 127.033887352846634, 37.507392031326411 ], [ 127.02447004920468, 37.504571875057614 ], [ 127.021374832426787, 37.511029317603565 ], [ 127.020350039213824, 37.510805198905658 ], [ 127.021307993874174, 37.511167953937679 ], [ 127.019441049560442, 37.515987241640659 ], [ 127.02807815323149, 37.519584003368998 ], [ 127.033887352846634, 37.507392031326411 ] ] ] } },
{ "type": "Feature", "properties": { "adm_cd2": "1168053100", "adm_nm": "서울특별시 강남구 논현2동", "sggnm": "강남구", "shannon_mean": 0.78088526066022912, "n_bldg_sum": 899, "n_grid": 109 }, "geometry": { "type": "Polygon", "coordinates": [ [ [ 127.039178075190492, 37.52290539552294 ], [ 127.041241711237177, 37.517303763305385 ], [ 127.040270517416459, 37.516928580440052 ], [ 127.041313185036714, 37.517102307395454 ], [ 127.043765799387856, 37.510263267325946 ], [ 127.033887352846634, 37.507392031326411 ], [ 127.02807815323149, 37.519584003368998 ], [ 127.039178075190492, 37.52290539552294 ] ] ] } },
{ "type": "Feature", "properties": { "adm_cd2": "1168058000", "adm_nm": "서울특별시 강남구 삼성1동", "sggnm": "강남구", "shannon_mean": 0.62775449339083123, "n_bldg_sum": 438, "n_grid": 77 }, "geometry": { "type": "Polygon", "coordinates": [ [ [ 127.066961859022427, 37.525081392754259 ], [ 127.06649665521077, 37.520929722147791 ], [ 127.068463142507227, 37.51028434761372 ], [ 127.056691825239952, 37.506855029477627 ], [ 127.050272556044078, 37.518852645184893 ], [ 127.060563897986512, 37.521235972408569 ], [ 127.065264906169787, 37.525603519889067 ], [ 127.066961859022427, 37.525081392754259 ] ] ] } },
{ "type": "Feature", "properties": { "adm_cd2": "1168059000", "adm_nm": "서울특별시 강남구 삼성2동", "sggnm": "강남구", "shannon_mean": 0.82022696505494075, "n_bldg_sum": 738, "n_grid": 89 }, "geometry": { "type": "Polygon", "coordinates": [ [ [ 127.056691825239952, 37.506855029477627 ], [ 127.047178234951417, 37.503974029697545 ], [ 127.048929706412238, 37.504630808699567 ], [ 127.048141307536596, 37.506207452453218 ], [ 127.044175970130709, 37.509202014922913 ], [ 127.041313185036714, 37.517102307395454 ], [ 127.040270517416459, 37.516928580440052 ], [ 127.050272556044078, 37.518852645184893 ], [ 127.056691825239952, 37.506855029477627 ] ] ] } },
{ "type": "Feature", "properties": { "adm_cd2": "1168060000", "adm_nm": "서울특별시 강남구 대치1동", "sggnm": "강남구", "shannon_mean": 0.42068932499228479, "n_bldg_sum": 109, "n_grid": 45 }, "geometry": { "type": "Polygon", "coordinates": [ [ [ 127.065530017232064, 37.490069582282587 ], [ 127.056559174803638, 37.487681501391386 ], [ 127.052510242759567, 37.497053881550904 ], [ 127.055674062845341, 37.497219054929026 ], [ 127.060860603265525, 37.498873222071552 ], [ 127.065530017232064, 37.490069582282587 ] ] ] } },
{ "type": "Feature", "properties": { "adm_cd2": "1168063000", "adm_nm": "서울특별시 강남구 대치4동", "sggnm": "강남구", "shannon_mean": 0.83822867762542419, "n_bldg_sum": 801, "n_grid": 63 }, "geometry": { "type": "Polygon", "coordinates": [ [ [ 127.060860603265525, 37.498873222071552 ], [ 127.055674062845341, 37.497219054929026 ], [ 127.052510242759567, 37.497053881550904 ], [ 127.049042848995242, 37.50439748322853 ], [ 127.056691825239952, 37.506855029477627 ], [ 127.060860603265525, 37.498873222071552 ] ] ] } },
{ "type": "Feature", "properties": { "adm_cd2": "1168064000", "adm_nm": "서울특별시 강남구 역삼1동", "sggnm": "강남구", "shannon_mean": 0.76523334926762154, "n_bldg_sum": 1575, "n_grid": 162 }, "geometry": { "type": "Polygon", "coordinates": [ [ [ 127.047178234951417, 37.503974029697545 ], [ 127.03704419580815, 37.500616432514242 ], [ 127.040888375285618, 37.492413584680669 ], [ 127.031623257520422, 37.48954007672873 ], [ 127.02447004920468, 37.504571875057614 ], [ 127.043765799387856, 37.510263267325946 ], [ 127.04486972413541, 37.508475328389174 ], [ 127.048141307536596, 37.506207452453218 ], [ 127.048929706412238, 37.504630808699567 ], [ 127.047178234951417, 37.503974029697545 ] ] ] } },
{ "type": "Feature", "properties": { "adm_cd2": "1168065000", "adm_nm": "서울특별시 강남구 역삼2동", "sggnm": "강남구", "shannon_mean": 0.7679138074908457, "n_bldg_sum": 592, "n_grid": 83 }, "geometry": { "type": "Polygon", "coordinates": [ [ [ 127.052510242759567, 37.497053881550904 ], [ 127.052728765355454, 37.496272501694193 ], [ 127.040888375285618, 37.492413584680669 ], [ 127.03704419580815, 37.500616432514242 ], [ 127.049042848995242, 37.50439748322853 ], [ 127.052510242759567, 37.497053881550904 ] ] ] } },
{ "type": "Feature", "properties": { "adm_cd2": "1168065500", "adm_nm": "서울특별시 강남구 도곡1동", "sggnm": "강남구", "shannon_mean": 0.74354681955148705, "n_bldg_sum": 287, "n_grid": 66 }, "geometry": { "type": "Polygon", "coordinates": [ [ [ 127.041345846097684, 37.485570527805734 ], [ 127.03396794290876, 37.48479724859385 ], [ 127.031623257520422, 37.48954007672873 ], [ 127.046692264025225, 37.494305112972256 ], [ 127.049823039172196, 37.48838037967024 ], [ 127.045035110613384, 37.486229283697035 ], [ 127.041345846097684, 37.485570527805734 ] ] ] } },
{ "type": "Feature", "properties": { "adm_cd2": "1168065600", "adm_nm": "서울특별시 강남구 도곡2동", "sggnm": "강남구", "shannon_mean": 0.50567561309851383, "n_bldg_sum": 172, "n_grid": 59 }, "geometry": { "type": "Polygon", "coordinates": [ [ [ 127.056559174803638, 37.487681501391386 ], [ 127.043942189842113, 37.479710476647448 ], [ 127.041345846097684, 37.485570527805734 ], [ 127.045035110613384, 37.486229283697035 ], [ 127.049823039172196, 37.48838037967024 ], [ 127.046692264025225, 37.494305112972256 ], [ 127.052728765355454, 37.496272501694193 ], [ 127.056559174803638, 37.487681501391386 ] ] ] } },
{ "type": "Feature", "properties": { "adm_cd2": "1168066000", "adm_nm": "서울특별시 강남구 개포1동", "sggnm": "강남구", "shannon_mean": 0.13662995083108026, "n_bldg_sum": 170, "n_grid": 57 }, "geometry": { "type": "Polygon", "coordinates": [ [ [ 127.076410007440657, 37.483704946771631 ], [ 127.072861252585838, 37.47872791373328 ], [ 127.074376628586208, 37.476268177173679 ], [ 127.077162387722623, 37.475009465250281 ], [ 127.07594359211663, 37.47379503591845 ], [ 127.073913208545392, 37.472858199879113 ], [ 127.072653177739156, 37.47479946922747 ], [ 127.069758050209558, 37.474776569093891 ], [ 127.069243633897869, 37.473885724699862 ], [ 127.062531887836442, 37.472842468948137 ], [ 127.053772561996752, 37.481090474303357 ], [ 127.051725600133793, 37.484854426518027 ], [ 127.056521078709764, 37.487661020074924 ], [ 127.058001947534635, 37.484819425574841 ], [ 127.064810629360011, 37.4790670353593 ], [ 127.075529352388088, 37.486199488645539 ], [ 127.076410007440657, 37.483704946771631 ] ] ] } },
{ "type": "Feature", "properties": { "adm_cd2": "1168069000", "adm_nm": "서울특별시 강남구 개포4동", "sggnm": "강남구", "shannon_mean": 0.91067637797455248, "n_bldg_sum": 625, "n_grid": 79 }, "geometry": { "type": "Polygon", "coordinates": [ [ [ 127.062531887836442, 37.472842468948137 ], [ 127.061611661350156, 37.46895874049018 ], [ 127.054527186751628, 37.468526631780982 ], [ 127.050069930938534, 37.470099525065869 ], [ 127.049580587995692, 37.470487492555989 ], [ 127.051057455032691, 37.471491353567103 ], [ 127.04502995335379, 37.477286625048237 ], [ 127.043942189842113, 37.479710476647448 ], [ 127.051725600133793, 37.484854426518027 ], [ 127.053772561996752, 37.481090474303357 ], [ 127.062531887836442, 37.472842468948137 ] ] ] } },
{ "type": "Feature", "properties": { "adm_cd2": "1168072000", "adm_nm": "서울특별시 강남구 일원본동", "sggnm": "강남구", "shannon_mean": 0.1092635961155394, "n_bldg_sum": 209, "n_grid": 59 }, "geometry": { "type": "Polygon", "coordinates": [ [ [ 127.092990675192269, 37.477261003048717 ], [ 127.085161826709708, 37.475273337651352 ], [ 127.07833523016167, 37.474857063454166 ], [ 127.074376628586208, 37.476268177173679 ], [ 127.072861252585838, 37.47872791373328 ], [ 127.075893981215373, 37.482447947883536 ], [ 127.077449063762558, 37.487123752338952 ], [ 127.090746725957871, 37.491335936512108 ], [ 127.09417259947017, 37.487205994320313 ], [ 127.095008532890958, 37.482828239200899 ], [ 127.093104989173611, 37.479530595103974 ], [ 127.092990675192269, 37.477261003048717 ] ] ] } },
{ "type": "Feature", "properties": { "adm_cd2": "1168073000", "adm_nm": "서울특별시 강남구 일원1동", "sggnm": "강남구", "shannon_mean": 0.50558645174629635, "n_bldg_sum": 682, "n_grid": 43 }, "geometry": { "type": "Polygon", "coordinates": [ [ [ 127.09674069464802, 37.495830862402251 ], [ 127.101965306367561, 37.493637812114926 ], [ 127.081804817236261, 37.488672401090781 ], [ 127.079616520116247, 37.493665362351408 ], [ 127.09047000261522, 37.497473249421788 ], [ 127.09674069464802, 37.495830862402251 ] ] ] } },
{ "type": "Feature", "properties": { "adm_cd2": "1168074000", "adm_nm": "서울특별시 강남구 일원2동", "sggnm": "강남구", "shannon_mean": 0.023901626915860182, "n_bldg_sum": 58, "n_grid": 30 }, "geometry": { "type": "Polygon", "coordinates": [ [ [ 127.083628999949951, 37.499264463566824 ], [ 127.09047000261522, 37.497473249421788 ], [ 127.079616520116247, 37.493665362351408 ], [ 127.081804817236261, 37.488672401090781 ], [ 127.077449063762558, 37.487123752338952 ], [ 127.078040818088269, 37.487868316624358 ], [ 127.076208494896349, 37.492589415649711 ], [ 127.072401995513246, 37.491345928080442 ], [ 127.071835968357419, 37.493025442318284 ], [ 127.073851237654353, 37.495095718213506 ], [ 127.074074477661441, 37.498863083980254 ], [ 127.075490888551016, 37.50120046540529 ], [ 127.083628999949951, 37.499264463566824 ] ] ] } },
{ "type": "Feature", "properties": { "adm_cd2": "1168075000", "adm_nm": "서울특별시 강남구 수서동", "sggnm": "강남구", "shannon_mean": 0.037980667427942205, "n_bldg_sum": 73, "n_grid": 35 }, "geometry": { "type": "Polygon", "coordinates": [ [ [ 127.108139645463879, 37.489309599671245 ], [ 127.112176642259314, 37.483435672382434 ], [ 127.105602901206908, 37.482741363259741 ], [ 127.103987517382251, 37.484778580309758 ], [ 127.102620846601582, 37.484939617041803 ], [ 127.097983119235707, 37.482199542175053 ], [ 127.097342843539366, 37.478080509437454 ], [ 127.092990675192269, 37.477261003048717 ], [ 127.093104989173611, 37.479530595103974 ], [ 127.095008532890958, 37.482828239200899 ], [ 127.09417259947017, 37.487205994320313 ], [ 127.090746725957871, 37.491335936512108 ], [ 127.101965306367561, 37.493637812114926 ], [ 127.108139645463879, 37.489309599671245 ] ] ] } },
{ "type": "Feature", "properties": { "adm_cd2": "1168070000", "adm_nm": "서울특별시 강남구 세곡동", "sggnm": "강남구", "shannon_mean": 0.01865749790367506, "n_bldg_sum": 471, "n_grid": 71 }, "geometry": { "type": "Polygon", "coordinates": [ [ [ 127.111035420645408, 37.482935044024877 ], [ 127.12218211950136, 37.467517305364083 ], [ 127.122293371858149, 37.46521354246407 ], [ 127.117180277483115, 37.461822596161511 ], [ 127.116747131875641, 37.458594296695388 ], [ 127.113643934479995, 37.459737941639432 ], [ 127.11287825202389, 37.460484697495332 ], [ 127.113396778456462, 37.461071098408311 ], [ 127.106307030659622, 37.462538385867475 ], [ 127.104733060336699, 37.462148924063946 ], [ 127.103501835590038, 37.459625478690157 ], [ 127.098214453100795, 37.458794136514655 ], [ 127.096848269730643, 37.459607474336977 ], [ 127.095016554659267, 37.463657361092217 ], [ 127.088764519454458, 37.468073870044272 ], [ 127.08449158172867, 37.472872211212454 ], [ 127.085161826709708, 37.475273337651352 ], [ 127.086687985869446, 37.476029057274317 ], [ 127.097342843539366, 37.478080509437454 ], [ 127.097983119235707, 37.482199542175053 ], [ 127.102620846601582, 37.484939617041803 ], [ 127.103987517382251, 37.484778580309758 ], [ 127.105602901206908, 37.482741363259741 ], [ 127.111035420645408, 37.482935044024877 ] ] ] } },
{ "type": "Feature", "properties": { "adm_cd2": "1168054500", "adm_nm": "서울특별시 강남구 압구정동", "sggnm": "강남구", "shannon_mean": 0.46933794897759723, "n_bldg_sum": 301, "n_grid": 109 }, "geometry": { "type": "Polygon", "coordinates": [ [ [ 127.045961692342246, 37.532502926666254 ], [ 127.043790030543462, 37.527052857425616 ], [ 127.040797345689654, 37.527791299083226 ], [ 127.039178075190492, 37.52290539552294 ], [ 127.02807815323149, 37.519584003368998 ], [ 127.028564254371972, 37.527308201095053 ], [ 127.02524305031038, 37.530236796099473 ], [ 127.021564918498868, 37.535530965877896 ], [ 127.025699784390099, 37.537864110115613 ], [ 127.029856845948842, 37.538864306165756 ], [ 127.045961692342246, 37.532502926666254 ] ] ] } },
{ "type": "Feature", "properties": { "adm_cd2": "1168056500", "adm_nm": "서울특별시 강남구 청담동", "sggnm": "강남구", "shannon_mean": 0.70215712191901114, "n_bldg_sum": 684, "n_grid": 120 }, "geometry": { "type": "Polygon", "coordinates": [ [ [ 127.056566563763568, 37.529101172908732 ], [ 127.065264906169787, 37.525603519889067 ], [ 127.061548529913665, 37.521726402144907 ], [ 127.058400052721936, 37.520477598100669 ], [ 127.041241711237177, 37.517303763305385 ], [ 127.039122306950375, 37.523468517905123 ], [ 127.040797345689654, 37.527791299083226 ], [ 127.043790030543462, 37.527052857425616 ], [ 127.045961692342246, 37.532502926666254 ], [ 127.049058425591625, 37.532552153182337 ], [ 127.056566563763568, 37.529101172908732 ] ] ] } },
{ "type": "Feature", "properties": { "adm_cd2": "1168061000", "adm_nm": "서울특별시 강남구 대치2동", "sggnm": "강남구", "shannon_mean": 0.72615981957930353, "n_bldg_sum": 434, "n_grid": 91 }, "geometry": { "type": "Polygon", "coordinates": [ [ [ 127.06880349802961, 37.51000278936197 ], [ 127.069806450009054, 37.505044465727408 ], [ 127.073181326113328, 37.502130611156765 ], [ 127.075490888551016, 37.50120046540529 ], [ 127.074074477661441, 37.498863083980254 ], [ 127.073579364631854, 37.494663210637761 ], [ 127.068529500710824, 37.491011262156448 ], [ 127.065530017232064, 37.490069582282587 ], [ 127.056691825239952, 37.506855029477627 ], [ 127.066549381608269, 37.509937077588603 ], [ 127.06880349802961, 37.51000278936197 ] ] ] } },
{ "type": "Feature", "properties": { "adm_cd2": "1168067000", "adm_nm": "서울특별시 강남구 개포2동", "sggnm": "강남구", "shannon_mean": 0.34657929512333768, "n_bldg_sum": 292, "n_grid": 89 }, "geometry": { "type": "Polygon", "coordinates": [ [ [ 127.077449063762558, 37.487123752338952 ], [ 127.076410007440657, 37.483704946771631 ], [ 127.075529352388088, 37.486199488645539 ], [ 127.064810629360011, 37.4790670353593 ], [ 127.058001947534635, 37.484819425574841 ], [ 127.056521078709764, 37.487661020074924 ], [ 127.067207835982899, 37.490446457054837 ], [ 127.071835968357419, 37.493025442318284 ], [ 127.072401995513246, 37.491345928080442 ], [ 127.076208494896349, 37.492589415649711 ], [ 127.078040818088269, 37.487868316624358 ], [ 127.077449063762558, 37.487123752338952 ] ] ] } },
{ "type": "Feature", "properties": { "adm_cd2": "1171051000", "adm_nm": "서울특별시 송파구 풍납1동", "sggnm": "송파구", "shannon_mean": 0.33149217098306338, "n_bldg_sum": 1096, "n_grid": 45 }, "geometry": { "type": "Polygon", "coordinates": [ [ [ 127.123211434257598, 37.538528693894222 ], [ 127.121260837392271, 37.533107550202153 ], [ 127.110935928965944, 37.536037201110965 ], [ 127.10415822683737, 37.536003409903827 ], [ 127.10956437773541, 37.543469981099015 ], [ 127.118500297923887, 37.54093032629325 ], [ 127.123211434257598, 37.538528693894222 ] ] ] } },
{ "type": "Feature", "properties": { "adm_cd2": "1171052000", "adm_nm": "서울특별시 송파구 풍납2동", "sggnm": "송파구", "shannon_mean": 0.61463437783635866, "n_bldg_sum": 698, "n_grid": 60 }, "geometry": { "type": "Polygon", "coordinates": [ [ [ 127.121260837392271, 37.533107550202153 ], [ 127.119161315601062, 37.528065646034179 ], [ 127.116404662338894, 37.52396341162023 ], [ 127.104338926539654, 37.524222258887939 ], [ 127.098957171276368, 37.527953652564278 ], [ 127.10415822683737, 37.536003409903827 ], [ 127.110935928965944, 37.536037201110965 ], [ 127.121260837392271, 37.533107550202153 ] ] ] } },
{ "type": "Feature", "properties": { "adm_cd2": "1171053100", "adm_nm": "서울특별시 송파구 거여1동", "sggnm": "송파구", "shannon_mean": 0.66905243898484845, "n_bldg_sum": 523, "n_grid": 34 }, "geometry": { "type": "Polygon", "coordinates": [ [ [ 127.146580295666311, 37.497980056815777 ], [ 127.142716185668192, 37.48912145384832 ], [ 127.141493026599136, 37.491679655266033 ], [ 127.13776119229972, 37.490430482678448 ], [ 127.136674371702782, 37.489152782311741 ], [ 127.135832859315428, 37.489521154784008 ], [ 127.137280458815809, 37.491467061880705 ], [ 127.137962536162533, 37.494302267016515 ], [ 127.139276149607227, 37.495657237938964 ], [ 127.139811266975471, 37.495380589377028 ], [ 127.141973145783339, 37.499428662086309 ], [ 127.146580295666311, 37.497980056815777 ] ] ] } },
{ "type": "Feature", "properties": { "adm_cd2": "1171053200", "adm_nm": "서울특별시 송파구 거여2동", "sggnm": "송파구", "shannon_mean": 0.60987237315466536, "n_bldg_sum": 447, "n_grid": 41 }, "geometry": { "type": "Polygon", "coordinates": [ [ [ 127.148971768661497, 37.496283612598461 ], [ 127.15249924278514, 37.492967080339724 ], [ 127.150328435029536, 37.492050783834536 ], [ 127.150651738638544, 37.491438000064761 ], [ 127.147299692230689, 37.489015142894019 ], [ 127.146698349246762, 37.487330504068055 ], [ 127.144578974775797, 37.487426367365835 ], [ 127.144335008214227, 37.488464812091934 ], [ 127.142716185668192, 37.48912145384832 ], [ 127.146580295666311, 37.497980056815777 ], [ 127.148971768661497, 37.496283612598461 ] ] ] } },
{ "type": "Feature", "properties": { "adm_cd2": "1171054000", "adm_nm": "서울특별시 송파구 마천1동", "sggnm": "송파구", "shannon_mean": 0.63717248244661118, "n_bldg_sum": 1187, "n_grid": 39 }, "geometry": { "type": "Polygon", "coordinates": [ [ [ 127.160095433526749, 37.497160050159195 ], [ 127.159977226500217, 37.494222384615014 ], [ 127.157678869648166, 37.49016640067002 ], [ 127.15249924278514, 37.492967080339724 ], [ 127.148971768661497, 37.496283612598461 ], [ 127.156855001218773, 37.498386668634751 ], [ 127.160095433526749, 37.497160050159195 ] ] ] } },
{ "type": "Feature", "properties": { "adm_cd2": "1171055000", "adm_nm": "서울특별시 송파구 마천2동", "sggnm": "송파구", "shannon_mean": 0.64521680916581037, "n_bldg_sum": 1249, "n_grid": 61 }, "geometry": { "type": "Polygon", "coordinates": [ [ [ 127.160095433526749, 37.497160050159195 ], [ 127.156855001218773, 37.498386668634751 ], [ 127.148971768661497, 37.496283612598461 ], [ 127.146580295666311, 37.497980056815777 ], [ 127.141973145783339, 37.499428662086309 ], [ 127.144372177170851, 37.504387705688501 ], [ 127.145236894176023, 37.503502506145573 ], [ 127.147686140213196, 37.503269912830007 ], [ 127.150122653243741, 37.50450970356701 ], [ 127.151903245750134, 37.503149931932988 ], [ 127.156471223240729, 37.501900866655475 ], [ 127.157869057555729, 37.503011345363618 ], [ 127.160552527380645, 37.501145379324392 ], [ 127.161376158662932, 37.499612046804145 ], [ 127.160095433526749, 37.497160050159195 ] ] ] } },
{ "type": "Feature", "properties": { "adm_cd2": "1171056100", "adm_nm": "서울특별시 송파구 방이1동", "sggnm": "송파구", "shannon_mean": 0.82067150214434492, "n_bldg_sum": 414, "n_grid": 50 }, "geometry": { "type": "Polygon", "coordinates": [ [ [ 127.127988931336503, 37.511735197973792 ], [ 127.12390421005378, 37.505371059850965 ], [ 127.116659404683276, 37.507761161802193 ], [ 127.121027815811914, 37.514588359850158 ], [ 127.127988931336503, 37.511735197973792 ] ] ] } },
{ "type": "Feature", "properties": { "adm_cd2": "1171056200", "adm_nm": "서울특별시 송파구 방이2동", "sggnm": "송파구", "shannon_mean": 1.0170870364872056, "n_bldg_sum": 1041, "n_grid": 63 }, "geometry": { "type": "Polygon", "coordinates": [ [ [ 127.121027815811914, 37.514588359850158 ], [ 127.116659404683276, 37.507761161802193 ], [ 127.108090578092998, 37.511975038720003 ], [ 127.106649113986009, 37.515512726096588 ], [ 127.112759267179698, 37.517719224336027 ], [ 127.121027815811914, 37.514588359850158 ] ] ] } },
{ "type": "Feature", "properties": { "adm_cd2": "1171056600", "adm_nm": "서울특별시 송파구 오륜동", "sggnm": "송파구", "shannon_mean": 0.0, "n_bldg_sum": 124, "n_grid": 50 }, "geometry": { "type": "Polygon", "coordinates": [ [ [ 127.128741861317806, 37.523790957935766 ], [ 127.145408129466148, 37.516485993537749 ], [ 127.144662939817238, 37.515546937041783 ], [ 127.141132125887353, 37.515644651224058 ], [ 127.143287427519041, 37.513978778417645 ], [ 127.1435243959871, 37.512689026940834 ], [ 127.141125307264986, 37.512323720301659 ], [ 127.140226742974306, 37.508394175753267 ], [ 127.136362171468022, 37.508369910353608 ], [ 127.112552093656547, 37.517515162360858 ], [ 127.119161315601062, 37.528065646034179 ], [ 127.128741861317806, 37.523790957935766 ] ] ] } },
{ "type": "Feature", "properties": { "adm_cd2": "1171057000", "adm_nm": "서울특별시 송파구 오금동", "sggnm": "송파구", "shannon_mean": 0.90054101313338519, "n_bldg_sum": 921, "n_grid": 118 }, "geometry": { "type": "Polygon", "coordinates": [ [ [ 127.140226742974306, 37.508394175753267 ], [ 127.141283126749499, 37.506942921065601 ], [ 127.141135441716969, 37.50545395934769 ], [ 127.144372177170851, 37.504387705688501 ], [ 127.139811266975471, 37.495380589377028 ], [ 127.130677413996736, 37.500309878519204 ], [ 127.12390421005378, 37.505371059850965 ], [ 127.127988931336503, 37.511735197973792 ], [ 127.136362171468022, 37.508369910353608 ], [ 127.140226742974306, 37.508394175753267 ] ] ] } },
{ "type": "Feature", "properties": { "adm_cd2": "1171058000", "adm_nm": "서울특별시 송파구 송파1동", "sggnm": "송파구", "shannon_mean": 0.88092542003604923, "n_bldg_sum": 1160, "n_grid": 67 }, "geometry": { "type": "Polygon", "coordinates": [ [ [ 127.116659404683276, 37.507761161802193 ], [ 127.113808208572124, 37.503764482112814 ], [ 127.110146037827306, 37.501991418099806 ], [ 127.104026452822666, 37.508749290567494 ], [ 127.108090578092998, 37.511975038720003 ], [ 127.116659404683276, 37.507761161802193 ] ] ] } },
{ "type": "Feature", "properties": { "adm_cd2": "1171059000", "adm_nm": "서울특별시 송파구 송파2동", "sggnm": "송파구", "shannon_mean": 0.77642437504801443, "n_bldg_sum": 350, "n_grid": 51 }, "geometry": { "type": "Polygon", "coordinates": [ [ [ 127.122432663532763, 37.505376504873972 ], [ 127.121661978039782, 37.502274483119464 ], [ 127.1149285328367, 37.498210120077019 ], [ 127.110146037827306, 37.501991418099806 ], [ 127.113808208572124, 37.503764482112814 ], [ 127.116659404683276, 37.507761161802193 ], [ 127.122432663532763, 37.505376504873972 ] ] ] } },
{ "type": "Feature", "properties": { "adm_cd2": "1171060000", "adm_nm": "서울특별시 송파구 석촌동", "sggnm": "송파구", "shannon_mean": 0.91111753073091051, "n_bldg_sum": 1547, "n_grid": 87 }, "geometry": { "type": "Polygon", "coordinates": [ [ [ 127.110146037827306, 37.501991418099806 ], [ 127.111622254856016, 37.500396364844306 ], [ 127.11059372368301, 37.500069615536844 ], [ 127.109635025993057, 37.5009971067566 ], [ 127.09656346296282, 37.497214793398442 ], [ 127.097313731857255, 37.506538559911213 ], [ 127.099877054176275, 37.506699364188854 ], [ 127.104026452822666, 37.508749290567494 ], [ 127.110146037827306, 37.501991418099806 ] ] ] } },
{ "type": "Feature", "properties": { "adm_cd2": "1171061000", "adm_nm": "서울특별시 송파구 삼전동", "sggnm": "송파구", "shannon_mean": 0.86076475205646374, "n_bldg_sum": 1564, "n_grid": 79 }, "geometry": { "type": "Polygon", "coordinates": [ [ [ 127.097313731857255, 37.506538559911213 ], [ 127.09656346296282, 37.497214793398442 ], [ 127.09734410722811, 37.496942541585462 ], [ 127.09674069464802, 37.495830862402251 ], [ 127.083628999949951, 37.499264463566824 ], [ 127.090722627449566, 37.507532128450045 ], [ 127.097313731857255, 37.506538559911213 ] ] ] } },
{ "type": "Feature", "properties": { "adm_cd2": "1171062000", "adm_nm": "서울특별시 송파구 가락본동", "sggnm": "송파구", "shannon_mean": 0.78340528879002258, "n_bldg_sum": 626, "n_grid": 82 }, "geometry": { "type": "Polygon", "coordinates": [ [ [ 127.12390421005378, 37.505371059850965 ], [ 127.128136235976285, 37.501998719568206 ], [ 127.12334760138863, 37.494975206768956 ], [ 127.12625522176495, 37.491511040179553 ], [ 127.12108331871373, 37.488997870020434 ], [ 127.1146273841414, 37.497234541631421 ], [ 127.114795609750942, 37.498206224590248 ], [ 127.121661978039782, 37.502274483119464 ], [ 127.122432663532763, 37.505376504873972 ], [ 127.12390421005378, 37.505371059850965 ] ] ] } },
{ "type": "Feature", "properties": { "adm_cd2": "1171063100", "adm_nm": "서울특별시 송파구 가락1동", "sggnm": "송파구", "shannon_mean": 0.64395140432985798, "n_bldg_sum": 19, "n_grid": 5 }, "geometry": { "type": "Polygon", "coordinates": [ [ [ 127.111622254856016, 37.500396364844306 ], [ 127.114795609750942, 37.498206224590248 ], [ 127.1146273841414, 37.497234541631421 ], [ 127.11843477335286, 37.492516362358785 ], [ 127.108139645463879, 37.489309599671245 ], [ 127.103647159064479, 37.49273309101708 ], [ 127.09674069464802, 37.495830862402251 ], [ 127.097618744215524, 37.497425728179607 ], [ 127.109635025993057, 37.5009971067566 ], [ 127.11059372368301, 37.500069615536844 ], [ 127.111622254856016, 37.500396364844306 ] ] ] } },
{ "type": "Feature", "properties": { "adm_cd2": "1171063200", "adm_nm": "서울특별시 송파구 가락2동", "sggnm": "송파구", "shannon_mean": 0.73353748436093313, "n_bldg_sum": 706, "n_grid": 82 }, "geometry": { "type": "Polygon", "coordinates": [ [ [ 127.139276149607227, 37.495657237938964 ], [ 127.133551381961666, 37.490531205886647 ], [ 127.129613512361942, 37.493221832235783 ], [ 127.12625522176495, 37.491511040179553 ], [ 127.12334760138863, 37.494975206768956 ], [ 127.128136235976285, 37.501998719568206 ], [ 127.139276149607227, 37.495657237938964 ] ] ] } },
{ "type": "Feature", "properties": { "adm_cd2": "1171064100", "adm_nm": "서울특별시 송파구 문정1동", "sggnm": "송파구", "shannon_mean": 0.81384257632510293, "n_bldg_sum": 614, "n_grid": 58 }, "geometry": { "type": "Polygon", "coordinates": [ [ [ 127.133551381961666, 37.490531205886647 ], [ 127.129809256726347, 37.487245279877634 ], [ 127.126397600464514, 37.482807726026763 ], [ 127.124166744773689, 37.48236582453692 ], [ 127.12108331871373, 37.488997870020434 ], [ 127.129613512361942, 37.493221832235783 ], [ 127.133551381961666, 37.490531205886647 ] ] ] } },
{ "type": "Feature", "properties": { "adm_cd2": "1171064200", "adm_nm": "서울특별시 송파구 문정2동", "sggnm": "송파구", "shannon_mean": 0.0, "n_bldg_sum": 57, "n_grid": 35 }, "geometry": { "type": "Polygon", "coordinates": [ [ [ 127.12108331871373, 37.488997870020434 ], [ 127.127029835913063, 37.475940909873451 ], [ 127.126589291403931, 37.46885064813597 ], [ 127.12506666419759, 37.468901077766148 ], [ 127.123827260604799, 37.466298949672272 ], [ 127.122293371858149, 37.46521354246407 ], [ 127.121514010365999, 37.468818769333886 ], [ 127.111035420645408, 37.482935044024877 ], [ 127.112275793894639, 37.483538527936354 ], [ 127.108139645463879, 37.489309599671245 ], [ 127.11843477335286, 37.492516362358785 ], [ 127.12108331871373, 37.488997870020434 ] ] ] } },
{ "type": "Feature", "properties": { "adm_cd2": "1171065000", "adm_nm": "서울특별시 송파구 잠실본동", "sggnm": "송파구", "shannon_mean": 0.74985198153825605, "n_bldg_sum": 1329, "n_grid": 77 }, "geometry": { "type": "Polygon", "coordinates": [ [ [ 127.086687575015773, 37.511717438493918 ], [ 127.085573370684955, 37.511426395825914 ], [ 127.086642139515064, 37.509111123569916 ], [ 127.090722627449566, 37.507532128450045 ], [ 127.083628999949951, 37.499264463566824 ], [ 127.073181326113328, 37.502130611156765 ], [ 127.079474216947943, 37.506731118934169 ], [ 127.07832580815861, 37.511870305782381 ], [ 127.086687575015773, 37.511717438493918 ] ] ] } },
{ "type": "Feature", "properties": { "adm_cd2": "1171069000", "adm_nm": "서울특별시 송파구 잠실4동", "sggnm": "송파구", "shannon_mean": 0.0, "n_bldg_sum": 30, "n_grid": 22 }, "geometry": { "type": "Polygon", "coordinates": [ [ [ 127.116404662338894, 37.52396341162023 ], [ 127.112759267179698, 37.517719224336027 ], [ 127.106649113986009, 37.515512726096588 ], [ 127.103014933402108, 37.522007138459387 ], [ 127.098117540978194, 37.527558708238594 ], [ 127.098957171276368, 37.527953652564278 ], [ 127.104338926539654, 37.524222258887939 ], [ 127.116404662338894, 37.52396341162023 ] ] ] } },
{ "type": "Feature", "properties": { "adm_cd2": "1171071000", "adm_nm": "서울특별시 송파구 잠실6동", "sggnm": "송파구", "shannon_mean": 0.0, "n_bldg_sum": 45, "n_grid": 36 }, "geometry": { "type": "Polygon", "coordinates": [ [ [ 127.106649113986009, 37.515512726096588 ], [ 127.108090578092998, 37.511975038720003 ], [ 127.104026452822666, 37.508749290567494 ], [ 127.090437875091126, 37.52600227280481 ], [ 127.098117540978194, 37.527558708238594 ], [ 127.103014933402108, 37.522007138459387 ], [ 127.106649113986009, 37.515512726096588 ] ] ] } },
{ "type": "Feature", "properties": { "adm_cd2": "1171072000", "adm_nm": "서울특별시 송파구 잠실7동", "sggnm": "송파구", "shannon_mean": 0.0, "n_bldg_sum": 44, "n_grid": 28 }, "geometry": { "type": "Polygon", "coordinates": [ [ [ 127.073181326113328, 37.502130611156765 ], [ 127.069806450009054, 37.505044465727408 ], [ 127.06880349802961, 37.51000278936197 ], [ 127.07832580815861, 37.511870305782381 ], [ 127.079474216947943, 37.506731118934169 ], [ 127.073181326113328, 37.502130611156765 ] ] ] } },
{ "type": "Feature", "properties": { "adm_cd2": "1171067000", "adm_nm": "서울특별시 송파구 잠실2동", "sggnm": "송파구", "shannon_mean": 0.41811325584487197, "n_bldg_sum": 177, "n_grid": 57 }, "geometry": { "type": "Polygon", "coordinates": [ [ [ 127.086687575015773, 37.511717438493918 ], [ 127.07832580815861, 37.511870305782381 ], [ 127.06880349802961, 37.51000278936197 ], [ 127.06649665521077, 37.520929722147791 ], [ 127.066961859022427, 37.525081392754259 ], [ 127.072854603031161, 37.523712509860566 ], [ 127.077580180752861, 37.523575149724266 ], [ 127.088519623798433, 37.525490859692326 ], [ 127.08851308213076, 37.523195744301951 ], [ 127.09255026866893, 37.511913495811129 ], [ 127.086687575015773, 37.511717438493918 ] ] ] } },
{ "type": "Feature", "properties": { "adm_cd2": "1171068000", "adm_nm": "서울특별시 송파구 잠실3동", "sggnm": "송파구", "shannon_mean": 0.21425395882188156, "n_bldg_sum": 129, "n_grid": 62 }, "geometry": { "type": "Polygon", "coordinates": [ [ [ 127.104026452822666, 37.508749290567494 ], [ 127.098025637433011, 37.506453091262429 ], [ 127.088966595364084, 37.507826910192115 ], [ 127.086642139515064, 37.509111123569916 ], [ 127.085573370684955, 37.511426395825914 ], [ 127.09255026866893, 37.511913495811129 ], [ 127.08851308213076, 37.523195744301951 ], [ 127.088519623798433, 37.525490859692326 ], [ 127.090437875091126, 37.52600227280481 ], [ 127.104026452822666, 37.508749290567494 ] ] ] } },
{ "type": "Feature", "properties": { "adm_cd2": "1171064600", "adm_nm": "서울특별시 송파구 장지동", "sggnm": "송파구", "shannon_mean": 0.88378809384455403, "n_bldg_sum": 723, "n_grid": 78 }, "geometry": { "type": "Polygon", "coordinates": [ [ [ 127.136674371702782, 37.489152782311741 ], [ 127.135346501853846, 37.481415078854809 ], [ 127.139065546438601, 37.481706863503113 ], [ 127.138543773752303, 37.480808081400895 ], [ 127.126897534901289, 37.4735054910754 ], [ 127.127029835913063, 37.475940909873451 ], [ 127.124166744773689, 37.48236582453692 ], [ 127.126397600464514, 37.482807726026763 ], [ 127.129809256726347, 37.487245279877634 ], [ 127.137962536162533, 37.494302267016515 ], [ 127.137280458815809, 37.491467061880705 ], [ 127.135895672821164, 37.490230327529872 ], [ 127.136674371702782, 37.489152782311741 ] ] ] } },
{ "type": "Feature", "properties": { "adm_cd2": "1171064700", "adm_nm": "서울특별시 송파구 위례동", "sggnm": "송파구", "shannon_mean": 0.32518317571108801, "n_bldg_sum": 49, "n_grid": 9 }, "geometry": { "type": "Polygon", "coordinates": [ [ [ 127.157678869648166, 37.49016640067002 ], [ 127.157638637478911, 37.489142800542808 ], [ 127.149839723316461, 37.485270635586978 ], [ 127.147719686027884, 37.481750243005322 ], [ 127.147399570713816, 37.477217809094022 ], [ 127.144244948196061, 37.477324717487541 ], [ 127.143445260624105, 37.474104184997621 ], [ 127.132588892980309, 37.474846847260416 ], [ 127.131867022980558, 37.469734177728434 ], [ 127.132676215428617, 37.468233949343592 ], [ 127.130564482145061, 37.467628469210446 ], [ 127.126589291403931, 37.46885064813597 ], [ 127.126897534901289, 37.4735054910754 ], [ 127.13367763776273, 37.478260534743747 ], [ 127.137587636374576, 37.479879347914434 ], [ 127.139065546438601, 37.481706863503113 ], [ 127.135346501853846, 37.481415078854809 ], [ 127.136674371702782, 37.489152782311741 ], [ 127.13776119229972, 37.490430482678448 ], [ 127.141826699950997, 37.491653038766174 ], [ 127.142560955512536, 37.48917003742153 ], [ 127.145716420982268, 37.487097706762569 ], [ 127.146698349246762, 37.487330504068055 ], [ 127.147299692230689, 37.489015142894019 ], [ 127.149653518433695, 37.49047712795636 ], [ 127.151313562212508, 37.492679039856746 ], [ 127.15249924278514, 37.492967080339724 ], [ 127.157678869648166, 37.49016640067002 ] ] ] } },
{ "type": "Feature", "properties": { "adm_cd2": "1174051500", "adm_nm": "서울특별시 강동구 강일동", "sggnm": "강동구", "shannon_mean": 0.37929352649420034, "n_bldg_sum": 251, "n_grid": 98 }, "geometry": { "type": "Polygon", "coordinates": [ [ [ 127.179475622441515, 37.566537252929827 ], [ 127.18196925443641, 37.560941372822619 ], [ 127.181389444386355, 37.552852408572733 ], [ 127.183551903455481, 37.54582646715933 ], [ 127.179046356445852, 37.5466413585008 ], [ 127.174387097297512, 37.545216853696921 ], [ 127.170492989736772, 37.562399388074496 ], [ 127.167120972950272, 37.564926110838719 ], [ 127.165028155352175, 37.569066412651132 ], [ 127.167417057066572, 37.570995299905171 ], [ 127.161570227432023, 37.577804166414992 ], [ 127.164714481418642, 37.579521200991636 ], [ 127.173952945659934, 37.579582003364848 ], [ 127.177667259253823, 37.580834941347462 ], [ 127.175359490859506, 37.577286308390285 ], [ 127.176059104895913, 37.574278843505482 ], [ 127.179113651309521, 37.569147789257919 ], [ 127.179475622441515, 37.566537252929827 ] ] ] } },
{ "type": "Feature", "properties": { "adm_cd2": "1174052000", "adm_nm": "서울특별시 강동구 상일동", "sggnm": "강동구", "shannon_mean": 0.51464198573096132, "n_bldg_sum": 368, "n_grid": 46 }, "geometry": { "type": "Polygon", "coordinates": [ [ [ 127.174127199700962, 37.54541112977806 ], [ 127.16410987374897, 37.54486470555748 ], [ 127.16251320674543, 37.545905715643826 ], [ 127.159010562468097, 37.545545259895022 ], [ 127.155939638338651, 37.54622363545257 ], [ 127.156578964797959, 37.555375370701178 ], [ 127.171486911521555, 37.55732415752265 ], [ 127.174127199700962, 37.54541112977806 ] ] ] } },
{ "type": "Feature", "properties": { "adm_cd2": "1174053000", "adm_nm": "서울특별시 강동구 명일1동", "sggnm": "강동구", "shannon_mean": 0.66600253450284208, "n_bldg_sum": 359, "n_grid": 53 }, "geometry": { "type": "Polygon", "coordinates": [ [ [ 127.150211600188527, 37.554693059836268 ], [ 127.148568549826251, 37.545779309349051 ], [ 127.147597582967393, 37.54599172230953 ], [ 127.145761463793988, 37.544361618337149 ], [ 127.142732898184178, 37.545071183392068 ], [ 127.143950826159127, 37.550788383478391 ], [ 127.140316254919583, 37.551320632002863 ], [ 127.143190356100121, 37.55461233501758 ], [ 127.150211600188527, 37.554693059836268 ] ] ] } },
{ "type": "Feature", "properties": { "adm_cd2": "1174054000", "adm_nm": "서울특별시 강동구 명일2동", "sggnm": "강동구", "shannon_mean": 0.48676961394635765, "n_bldg_sum": 215, "n_grid": 43 }, "geometry": { "type": "Polygon", "coordinates": [ [ [ 127.163193047455309, 37.545018685686891 ], [ 127.160402105155214, 37.541597804305681 ], [ 127.159170150887448, 37.542815739358311 ], [ 127.153621374398909, 37.543253651465029 ], [ 127.14871093513004, 37.545148892470827 ], [ 127.150211600188527, 37.554693059836268 ], [ 127.156578964797959, 37.555375370701178 ], [ 127.155939638338651, 37.54622363545257 ], [ 127.159010562468097, 37.545545259895022 ], [ 127.16251320674543, 37.545905715643826 ], [ 127.163193047455309, 37.545018685686891 ] ] ] } },
{ "type": "Feature", "properties": { "adm_cd2": "1174055000", "adm_nm": "서울특별시 강동구 고덕1동", "sggnm": "강동구", "shannon_mean": 0.40594883072682547, "n_bldg_sum": 440, "n_grid": 58 }, "geometry": { "type": "Polygon", "coordinates": [ [ [ 127.156578964797959, 37.555375370701178 ], [ 127.144471784857714, 37.554770558241493 ], [ 127.144074762814185, 37.558648521577382 ], [ 127.147253279273727, 37.561399340355969 ], [ 127.14523052845432, 37.565476406325196 ], [ 127.141331401622736, 37.570276717446411 ], [ 127.15299406860386, 37.573733362774007 ], [ 127.153322670337047, 37.567527668047973 ], [ 127.155315472198282, 37.568218224195832 ], [ 127.156363336365871, 37.567358234295682 ], [ 127.156578964797959, 37.555375370701178 ] ] ] } },
{ "type": "Feature", "properties": { "adm_cd2": "1174056000", "adm_nm": "서울특별시 강동구 고덕2동", "sggnm": "강동구", "shannon_mean": 0.3750032680037878, "n_bldg_sum": 627, "n_grid": 54 }, "geometry": { "type": "Polygon", "coordinates": [ [ [ 127.171486911521555, 37.55732415752265 ], [ 127.156578964797959, 37.555375370701178 ], [ 127.156363336365871, 37.567358234295682 ], [ 127.155315472198282, 37.568218224195832 ], [ 127.153322670337047, 37.567527668047973 ], [ 127.15299406860386, 37.573733362774007 ], [ 127.161570227432023, 37.577804166414992 ], [ 127.167417057066572, 37.570995299905171 ], [ 127.165028155352175, 37.569066412651132 ], [ 127.167120972950272, 37.564926110838719 ], [ 127.170492989736772, 37.562399388074496 ], [ 127.171486911521555, 37.55732415752265 ] ] ] } },
{ "type": "Feature", "properties": { "adm_cd2": "1174058000", "adm_nm": "서울특별시 강동구 암사2동", "sggnm": "강동구", "shannon_mean": 0.56085781545849478, "n_bldg_sum": 262, "n_grid": 37 }, "geometry": { "type": "Polygon", "coordinates": [ [ [ 127.129195531511328, 37.554761721140267 ], [ 127.126737386103159, 37.54789257637394 ], [ 127.122907398189881, 37.548776091874331 ], [ 127.123152786638343, 37.549472242929376 ], [ 127.112444475997691, 37.549507275034813 ], [ 127.113889395317472, 37.553330367458294 ], [ 127.113484389974062, 37.56025063398706 ], [ 127.116682597084278, 37.560020736819681 ], [ 127.121746500119002, 37.563994420093046 ], [ 127.133824681984649, 37.568445201911914 ], [ 127.132330755335531, 37.561523943792274 ], [ 127.129195531511328, 37.554761721140267 ] ] ] } },
{ "type": "Feature", "properties": { "adm_cd2": "1174059000", "adm_nm": "서울특별시 강동구 암사3동", "sggnm": "강동구", "shannon_mean": 0.30551202362004992, "n_bldg_sum": 330, "n_grid": 54 }, "geometry": { "type": "Polygon", "coordinates": [ [ [ 127.144471784857714, 37.554770558241493 ], [ 127.129195531511328, 37.554761721140267 ], [ 127.132330755335531, 37.561523943792274 ], [ 127.133824681984649, 37.568445201911914 ], [ 127.141331401622736, 37.570276717446411 ], [ 127.14523052845432, 37.565476406325196 ], [ 127.147253279273727, 37.561399340355969 ], [ 127.144074762814185, 37.558648521577382 ], [ 127.144471784857714, 37.554770558241493 ] ] ] } },
{ "type": "Feature", "properties": { "adm_cd2": "1174060000", "adm_nm": "서울특별시 강동구 천호1동", "sggnm": "강동구", "shannon_mean": 0.70782409168054328, "n_bldg_sum": 1433, "n_grid": 67 }, "geometry": { "type": "Polygon", "coordinates": [ [ [ 127.142732898184178, 37.545071183392068 ], [ 127.141687015242042, 37.542277250363881 ], [ 127.138073279669911, 37.543131530943441 ], [ 127.131145584803917, 37.542392391200345 ], [ 127.135134860382507, 37.54781629414834 ], [ 127.137944691834548, 37.550261990231427 ], [ 127.143950826159127, 37.550788383478391 ], [ 127.142732898184178, 37.545071183392068 ] ] ] } },
{ "type": "Feature", "properties": { "adm_cd2": "1174062000", "adm_nm": "서울특별시 강동구 천호3동", "sggnm": "강동구", "shannon_mean": 0.46475791227075258, "n_bldg_sum": 1140, "n_grid": 51 }, "geometry": { "type": "Polygon", "coordinates": [ [ [ 127.141687015242042, 37.542277250363881 ], [ 127.13968778060574, 37.541074617404504 ], [ 127.137084052085427, 37.540826658100954 ], [ 127.134387533586164, 37.535470687431406 ], [ 127.126423389678664, 37.537660119942025 ], [ 127.131145584803917, 37.542392391200345 ], [ 127.138073279669911, 37.543131530943441 ], [ 127.141687015242042, 37.542277250363881 ] ] ] } },
{ "type": "Feature", "properties": { "adm_cd2": "1174064000", "adm_nm": "서울특별시 강동구 성내1동", "sggnm": "강동구", "shannon_mean": 0.83272880476449396, "n_bldg_sum": 523, "n_grid": 59 }, "geometry": { "type": "Polygon", "coordinates": [ [ [ 127.131822687146894, 37.530141710367928 ], [ 127.128741861317806, 37.523790957935766 ], [ 127.119161315601062, 37.528065646034179 ], [ 127.121260837392271, 37.533107550202153 ], [ 127.125589754447518, 37.531865580259549 ], [ 127.126496915219278, 37.53301045105426 ], [ 127.127053173459245, 37.53146633891609 ], [ 127.131822687146894, 37.530141710367928 ] ] ] } },
{ "type": "Feature", "properties": { "adm_cd2": "1174065000", "adm_nm": "서울특별시 강동구 성내2동", "sggnm": "강동구", "shannon_mean": 0.57473979544449616, "n_bldg_sum": 1447, "n_grid": 58 }, "geometry": { "type": "Polygon", "coordinates": [ [ [ 127.126423389678664, 37.537660119942025 ], [ 127.134387533586164, 37.535470687431406 ], [ 127.131822687146894, 37.530141710367928 ], [ 127.127053173459245, 37.53146633891609 ], [ 127.126496915219278, 37.53301045105426 ], [ 127.125589754447518, 37.531865580259549 ], [ 127.121260837392271, 37.533107550202153 ], [ 127.123211434257598, 37.538528693894222 ], [ 127.126423389678664, 37.537660119942025 ] ] ] } },
{ "type": "Feature", "properties": { "adm_cd2": "1174066000", "adm_nm": "서울특별시 강동구 성내3동", "sggnm": "강동구", "shannon_mean": 0.84067310498168557, "n_bldg_sum": 957, "n_grid": 59 }, "geometry": { "type": "Polygon", "coordinates": [ [ [ 127.138572270692976, 37.533987696520803 ], [ 127.133908383269699, 37.521540207109318 ], [ 127.128741861317806, 37.523790957935766 ], [ 127.134291223369317, 37.535271316526185 ], [ 127.138572270692976, 37.533987696520803 ] ] ] } },
{ "type": "Feature", "properties": { "adm_cd2": "1174069000", "adm_nm": "서울특별시 강동구 둔촌1동", "sggnm": "강동구", "shannon_mean": 0.23104906018664842, "n_bldg_sum": 6, "n_grid": 4 }, "geometry": { "type": "Polygon", "coordinates": [ [ [ 127.145800088675486, 37.521989966841396 ], [ 127.1447315398553, 37.519416757654255 ], [ 127.145009239739181, 37.516933220844997 ], [ 127.133908383269699, 37.521540207109318 ], [ 127.136632902169438, 37.528825961537535 ], [ 127.144728916971474, 37.526535235934659 ], [ 127.146113926420597, 37.523980656885691 ], [ 127.145800088675486, 37.521989966841396 ] ] ] } },
{ "type": "Feature", "properties": { "adm_cd2": "1174070000", "adm_nm": "서울특별시 강동구 둔촌2동", "sggnm": "강동구", "shannon_mean": 0.77407497748431053, "n_bldg_sum": 816, "n_grid": 73 }, "geometry": { "type": "Polygon", "coordinates": [ [ [ 127.153552422253881, 37.533996519079544 ], [ 127.153264858145036, 37.529331221105096 ], [ 127.149582194061367, 37.525882724229298 ], [ 127.147763461104319, 37.522169331260862 ], [ 127.145800088675486, 37.521989966841396 ], [ 127.146113926420597, 37.523980656885691 ], [ 127.144728916971474, 37.526535235934659 ], [ 127.136632902169438, 37.528825961537535 ], [ 127.138572270692976, 37.533987696520803 ], [ 127.143053177562166, 37.534263823901938 ], [ 127.160402105155214, 37.541597804305681 ], [ 127.153552422253881, 37.533996519079544 ] ] ] } },
{ "type": "Feature", "properties": { "adm_cd2": "1174057000", "adm_nm": "서울특별시 강동구 암사1동", "sggnm": "강동구", "shannon_mean": 0.83748346539156304, "n_bldg_sum": 1673, "n_grid": 73 }, "geometry": { "type": "Polygon", "coordinates": [ [ [ 127.144471784857714, 37.554770558241493 ], [ 127.143190356100121, 37.55461233501758 ], [ 127.140316254919583, 37.551320632002863 ], [ 127.141204290286453, 37.550869418116548 ], [ 127.137311341858592, 37.549915268565741 ], [ 127.134577832894664, 37.547120469952048 ], [ 127.12766533825895, 37.550069230897606 ], [ 127.129195531511328, 37.554761721140267 ], [ 127.144471784857714, 37.554770558241493 ] ] ] } },
{ "type": "Feature", "properties": { "adm_cd2": "1174061000", "adm_nm": "서울특별시 강동구 천호2동", "sggnm": "강동구", "shannon_mean": 0.60862531585300694, "n_bldg_sum": 1891, "n_grid": 97 }, "geometry": { "type": "Polygon", "coordinates": [ [ [ 127.134577832894664, 37.547120469952048 ], [ 127.130524128182756, 37.541589368773082 ], [ 127.128672777452977, 37.540565031744705 ], [ 127.126423389678664, 37.537660119942025 ], [ 127.118500297923887, 37.54093032629325 ], [ 127.10956437773541, 37.543469981099015 ], [ 127.112071860299253, 37.547545605849237 ], [ 127.112444475997691, 37.549507275034813 ], [ 127.123152786638343, 37.549472242929376 ], [ 127.122907398189881, 37.548776091874331 ], [ 127.126737386103159, 37.54789257637394 ], [ 127.12766533825895, 37.550069230897606 ], [ 127.134577832894664, 37.547120469952048 ] ] ] } },
{ "type": "Feature", "properties": { "adm_cd2": "1174068500", "adm_nm": "서울특별시 강동구 길동", "sggnm": "강동구", "shannon_mean": 0.82222493586057155, "n_bldg_sum": 1407, "n_grid": 119 }, "geometry": { "type": "Polygon", "coordinates": [ [ [ 127.148568549826251, 37.545779309349051 ], [ 127.14871093513004, 37.545148892470827 ], [ 127.153621374398909, 37.543253651465029 ], [ 127.159170150887448, 37.542815739358311 ], [ 127.160402105155214, 37.541597804305681 ], [ 127.141757771610614, 37.53384753147725 ], [ 127.134291223369317, 37.535271316526185 ], [ 127.137084052085427, 37.540826658100954 ], [ 127.13968778060574, 37.541074617404504 ], [ 127.141687015242042, 37.542277250363881 ], [ 127.142732898184178, 37.545071183392068 ], [ 127.145761463793988, 37.544361618337149 ], [ 127.147597582967393, 37.54599172230953 ], [ 127.148568549826251, 37.545779309349051 ] ] ] } },
{ "type": "Feature", "properties": { "adm_cd2": "1153078000", "adm_nm": "서울특별시 구로구 오류2동", "sggnm": "구로구", "shannon_mean": 0.54431790209616981, "n_bldg_sum": 800, "n_grid": 98 }, "geometry": { "type": "Polygon", "coordinates": [ [ [ 126.831793689308398, 37.477574560161884 ], [ 126.832554710199048, 37.479049140344266 ], [ 126.832124194149941, 37.480818574926452 ], [ 126.830843596778493, 37.481215301683164 ], [ 126.832073088419776, 37.483936594366455 ], [ 126.828876892525869, 37.485760663024891 ], [ 126.827797508919957, 37.488173855745572 ], [ 126.824051609593539, 37.488849141987927 ], [ 126.827023742927153, 37.491211877465908 ], [ 126.826785727462862, 37.493154060704768 ], [ 126.838078821607056, 37.493162668991232 ], [ 126.8441106593949, 37.49377655742628 ], [ 126.84861953566562, 37.49521323350411 ], [ 126.848142030769097, 37.490459364147455 ], [ 126.844655494093217, 37.486525944925468 ], [ 126.849865363511086, 37.48387770900181 ], [ 126.846483960212524, 37.481704817371138 ], [ 126.845327827260846, 37.473803677626208 ], [ 126.842777678671141, 37.474920720990148 ], [ 126.835792501546351, 37.475256849186259 ], [ 126.831793689308398, 37.477574560161884 ] ] ] } }
]
}
